ampol_id,guid,name,address,address_raw,postcode,latitude,longitude,dc_connector_types,ev_charging_json,has_dc,source_file,source_url
20956,eab62bf9-2f6a-40d0-ba97-6a1848d39b19,Ampol Foodary Seven Hills Abbott Rd,"38 Abbott Rd, Seven Hills, 2147, Australia","Abbott Rd, 38,2147,Seven Hills,Au",2147,-33.7668353,150.9548344,,[],False,data/raw/ampol/ampol-foodary-seven-hills-abbott-rd.html,https://locations.ampol.com.au/en/ampol-foodary-seven-hills-abbott-rd
22120,2e6c36b3-f9b1-4638-a33b-8b5988d84d1d,Ampol Foodary Narrabeen,"1509-1511 Pittwater Rd, Narrabeen, 2101, Australia","Pittwater Rd, 1509-1511,2101,Narrabeen,Au",2101,-33.704667,151.2970501,CCS (Type 2); CHAdeMO,"[{""assets"": [{""cloudName"": ""mobilosoft-testing"", ""fileName"": null, ""order"": null, ""publicId"": ""rehab/ampol-foodary/images/property_item/CHAdeMO"", ""type"": null, ""url"": null}], ""callToActionFacet"": {""ctaLabel"": null, ""ctaType"": null, ""ctaUrl"": """"}, ""channels"": null, ""contentFacet"": {""longContent"": ""CHAdeMO (125kW)"", ""shortContent"": null, ""title"": ""Charging Bay 01""}, ""externalId"": ""ChargingBay01"", ""extraData"": null, ""icon"": null, ""id"": null, ""itemTypeCategoryLabel"": ""EVCharging"", ""itemTypeExternalId"": ""ChargingBay01"", ""language"": null, ""orderIndex"": null, ""priceFacet"": [], ""regularHours"": [], ""slug"": null, ""status"": null, ""tags"": null, ""validityFacet"": []}, {""assets"": [{""cloudName"": ""mobilosoft-testing"", ""fileName"": null, ""order"": null, ""publicId"": ""rehab/ampol-foodary/images/property_item/Group 15"", ""type"": null, ""url"": null}], ""callToActionFacet"": {""ctaLabel"": null, ""ctaType"": null, ""ctaUrl"": """"}, ""channels"": null, ""contentFacet"": {""longContent"": ""CCS 2 (150kW)"", ""shortContent"": null, ""title"": ""Charging Bay 02""}, ""externalId"": ""ChargingBay02"", ""extraData"": null, ""icon"": null, ""id"": null, ""itemTypeCategoryLabel"": ""EVCharging"", ""itemTypeExternalId"": ""ChargingBay02"", ""language"": null, ""orderIndex"": null, ""priceFacet"": [], ""regularHours"": [], ""slug"": null, ""status"": null, ""tags"": null, ""validityFacet"": []}, {""assets"": [{""cloudName"": ""mobilosoft-testing"", ""fileName"": null, ""order"": null, ""publicId"": ""rehab/ampol-foodary/images/property_item/AmpCharge_Icon"", ""type"": null, ""url"": null}], ""callToActionFacet"": {""ctaLabel"": null, ""ctaType"": null, ""ctaUrl"": """"}, ""channels"": null, ""contentFacet"": {""longContent"": ""EV Charging (AmpCharge) is available at this location"", ""shortContent"": null, ""title"": ""EV Charging (AmpCharge)""}, ""externalId"": ""EVChargingAmpCharge"", ""extraData"": null, ""icon"": null, ""id"": null, ""itemTypeCategoryLabel"": ""EVCharging"", ""itemTypeExternalId"": ""EVChargingAmpCharge"", ""language"": null, ""orderIndex"": null, ""priceFacet"": [], ""regularHours"": [], ""slug"": null, ""status"": null, ""tags"": null, ""validityFacet"": []}]",True,data/raw/ampol/ampol-foodary-narrabeen.html,https://locations.ampol.com.au/en/ampol-foodary-narrabeen
22128,1ed802c2-2f72-4a80-bb54-9468c25e7670,Ampol Foodary Wollongong North,"9 Flinders St, Wollongong North, 2500, Australia","Flinders St, 9,2500,Wollongong North,Au",2500,-34.415022,150.893267,CCS (Type 2); CHAdeMO,"[{""assets"": [{""cloudName"": ""mobilosoft-testing"", ""fileName"": null, ""order"": null, ""publicId"": ""rehab/ampol-foodary/images/property_item/CHAdeMO"", ""type"": null, ""url"": null}], ""callToActionFacet"": {""ctaLabel"": null, ""ctaType"": null, ""ctaUrl"": """"}, ""channels"": null, ""contentFacet"": {""longContent"": ""CHAdeMO (125kW)"", ""shortContent"": null, ""title"": ""Charging Bay 01""}, ""externalId"": ""ChargingBay01"", ""extraData"": null, ""icon"": null, ""id"": null, ""itemTypeCategoryLabel"": ""EVCharging"", ""itemTypeExternalId"": ""ChargingBay01"", ""language"": null, ""orderIndex"": null, ""priceFacet"": [], ""regularHours"": [], ""slug"": null, ""status"": null, ""tags"": null, ""validityFacet"": []}, {""assets"": [{""cloudName"": ""mobilosoft-testing"", ""fileName"": null, ""order"": null, ""publicId"": ""rehab/ampol-foodary/images/property_item/Group 15"", ""type"": null, ""url"": null}], ""callToActionFacet"": {""ctaLabel"": null, ""ctaType"": null, ""ctaUrl"": """"}, ""channels"": null, ""contentFacet"": {""longContent"": ""CCS 2 (150kW)"", ""shortContent"": null, ""title"": ""Charging Bay 02""}, ""externalId"": ""ChargingBay02"", ""extraData"": null, ""icon"": null, ""id"": null, ""itemTypeCategoryLabel"": ""EVCharging"", ""itemTypeExternalId"": ""ChargingBay02"", ""language"": null, ""orderIndex"": null, ""priceFacet"": [], ""regularHours"": [], ""slug"": null, ""status"": null, ""tags"": null, ""validityFacet"": []}, {""assets"": [{""cloudName"": ""mobilosoft-testing"", ""fileName"": null, ""order"": null, ""publicId"": ""rehab/ampol-foodary/images/property_item/AmpCharge_Icon"", ""type"": null, ""url"": null}], ""callToActionFacet"": {""ctaLabel"": null, ""ctaType"": null, ""ctaUrl"": """"}, ""channels"": null, ""contentFacet"": {""longContent"": ""EV Charging (AmpCharge) is available at this location"", ""shortContent"": null, ""title"": ""EV Charging (AmpCharge)""}, ""externalId"": ""EVChargingAmpCharge"", ""extraData"": null, ""icon"": null, ""id"": null, ""itemTypeCategoryLabel"": ""EVCharging"", ""itemTypeExternalId"": ""EVChargingAmpCharge"", ""language"": null, ""orderIndex"": null, ""priceFacet"": [], ""regularHours"": [], ""slug"": null, ""status"": null, ""tags"": null, ""validityFacet"": []}]",True,data/raw/ampol/ampol-foodary-wollongong-north.html,https://locations.ampol.com.au/en/ampol-foodary-wollongong-north
22135,b0ec2e4e-2fbf-4631-b7ba-0ea50a1cc986,Ampol Foodary Alexandria,"133 Wyndham St Cnr Mcevoy St, Alexandria, 2015, Australia","Wyndham St Cnr Mcevoy St, 133,2015,Alexandria,Au",2015,-33.9021424,151.1994031,CCS (Type 2); CHAdeMO,"[{""assets"": [{""cloudName"": ""mobilosoft-testing"", ""fileName"": null, ""order"": null, ""publicId"": ""rehab/ampol-foodary/images/property_item/CHAdeMO"", ""type"": null, ""url"": null}], ""callToActionFacet"": {""ctaLabel"": null, ""ctaType"": null, ""ctaUrl"": """"}, ""channels"": null, ""contentFacet"": {""longContent"": ""CHAdeMO (125kW)"", ""shortContent"": null, ""title"": ""Charging Bay 01""}, ""externalId"": ""ChargingBay01"", ""extraData"": null, ""icon"": null, ""id"": null, ""itemTypeCategoryLabel"": ""EVCharging"", ""itemTypeExternalId"": ""ChargingBay01"", ""language"": null, ""orderIndex"": null, ""priceFacet"": [], ""regularHours"": [], ""slug"": null, ""status"": null, ""tags"": null, ""validityFacet"": []}, {""assets"": [{""cloudName"": ""mobilosoft-testing"", ""fileName"": null, ""order"": null, ""publicId"": ""rehab/ampol-foodary/images/property_item/Group 15"", ""type"": null, ""url"": null}], ""callToActionFacet"": {""ctaLabel"": null, ""ctaType"": null, ""ctaUrl"": """"}, ""channels"": null, ""contentFacet"": {""longContent"": ""CCS 2 (150kW)"", ""shortContent"": null, ""title"": ""Charging Bay 02""}, ""externalId"": ""ChargingBay02"", ""extraData"": null, ""icon"": null, ""id"": null, ""itemTypeCategoryLabel"": ""EVCharging"", ""itemTypeExternalId"": ""ChargingBay02"", ""language"": null, ""orderIndex"": null, ""priceFacet"": [], ""regularHours"": [], ""slug"": null, ""status"": null, ""tags"": null, ""validityFacet"": []}, {""assets"": [{""cloudName"": ""mobilosoft-testing"", ""fileName"": null, ""order"": null, ""publicId"": ""rehab/ampol-foodary/images/property_item/AmpCharge_Icon"", ""type"": null, ""url"": null}], ""callToActionFacet"": {""ctaLabel"": null, ""ctaType"": null, ""ctaUrl"": """"}, ""channels"": null, ""contentFacet"": {""longContent"": ""EV Charging (AmpCharge) is available at this location"", ""shortContent"": null, ""title"": ""EV Charging (AmpCharge)""}, ""externalId"": ""EVChargingAmpCharge"", ""extraData"": null, ""icon"": null, ""id"": null, ""itemTypeCategoryLabel"": ""EVCharging"", ""itemTypeExternalId"": ""EVChargingAmpCharge"", ""language"": null, ""orderIndex"": null, ""priceFacet"": [], ""regularHours"": [], ""slug"": null, ""status"": null, ""tags"": null, ""validityFacet"": []}]",True,data/raw/ampol/ampol-foodary-alexandria.html,https://locations.ampol.com.au/en/ampol-foodary-alexandria
22256,9f540311-2822-44d0-b867-969b4b28119e,Ampol Foodary Brownsville,"342 Kanahooka Rd, Brownsville, 2530, Australia","Kanahooka Rd, 342,2530,Brownsville,Au",2530,-34.4858978,150.8063375,CCS (Type 2); CHAdeMO,"[{""assets"": [{""cloudName"": ""mobilosoft-testing"", ""fileName"": null, ""order"": null, ""publicId"": ""rehab/ampol-foodary/images/property_item/CHAdeMO"", ""type"": null, ""url"": null}], ""callToActionFacet"": {""ctaLabel"": null, ""ctaType"": null, ""ctaUrl"": """"}, ""channels"": null, ""contentFacet"": {""longContent"": ""CHAdeMO (125kW)"", ""shortContent"": null, ""title"": ""Charging Bay 01""}, ""externalId"": ""ChargingBay01"", ""extraData"": null, ""icon"": null, ""id"": null, ""itemTypeCategoryLabel"": ""EVCharging"", ""itemTypeExternalId"": ""ChargingBay01"", ""language"": null, ""orderIndex"": null, ""priceFacet"": [], ""regularHours"": [], ""slug"": null, ""status"": null, ""tags"": null, ""validityFacet"": []}, {""assets"": [{""cloudName"": ""mobilosoft-testing"", ""fileName"": null, ""order"": null, ""publicId"": ""rehab/ampol-foodary/images/property_item/Group 15"", ""type"": null, ""url"": null}], ""callToActionFacet"": {""ctaLabel"": null, ""ctaType"": null, ""ctaUrl"": """"}, ""channels"": null, ""contentFacet"": {""longContent"": ""CCS 2 (150kW)"", ""shortContent"": null, ""title"": ""Charging Bay 02""}, ""externalId"": ""ChargingBay02"", ""extraData"": null, ""icon"": null, ""id"": null, ""itemTypeCategoryLabel"": ""EVCharging"", ""itemTypeExternalId"": ""ChargingBay02"", ""language"": null, ""orderIndex"": null, ""priceFacet"": [], ""regularHours"": [], ""slug"": null, ""status"": null, ""tags"": null, ""validityFacet"": []}, {""assets"": [{""cloudName"": ""mobilosoft-testing"", ""fileName"": null, ""order"": null, ""publicId"": ""rehab/ampol-foodary/images/property_item/AmpCharge_Icon"", ""type"": null, ""url"": null}], ""callToActionFacet"": {""ctaLabel"": null, ""ctaType"": null, ""ctaUrl"": """"}, ""channels"": null, ""contentFacet"": {""longContent"": ""EV Charging (AmpCharge) is available at this location"", ""shortContent"": null, ""title"": ""EV Charging (AmpCharge)""}, ""externalId"": ""EVChargingAmpCharge"", ""extraData"": null, ""icon"": null, ""id"": null, ""itemTypeCategoryLabel"": ""EVCharging"", ""itemTypeExternalId"": ""EVChargingAmpCharge"", ""language"": null, ""orderIndex"": null, ""priceFacet"": [], ""regularHours"": [], ""slug"": null, ""status"": null, ""tags"": null, ""validityFacet"": []}]",True,data/raw/ampol/ampol-foodary-brownsville.html,https://locations.ampol.com.au/en/ampol-foodary-brownsville
22276,4b559814-5596-4ec4-8b37-8b9dec50757d,Ampol Foodary Lakemba,"516 Punchbowl Rd Cnr Wangee Rd, Lakemba, 2195, Australia","Punchbowl Rd Cnr Wangee Rd, 516,2195,Lakemba,Au",2195,-33.911492,151.0732469,CCS (Type 2); CHAdeMO,"[{""assets"": [{""cloudName"": ""mobilosoft-testing"", ""fileName"": null, ""order"": null, ""publicId"": ""rehab/ampol-foodary/images/property_item/CHAdeMO"", ""type"": null, ""url"": null}], ""callToActionFacet"": {""ctaLabel"": null, ""ctaType"": null, ""ctaUrl"": """"}, ""channels"": null, ""contentFacet"": {""longContent"": ""CHAdeMO (125kW)"", ""shortContent"": null, ""title"": ""Charging Bay 01""}, ""externalId"": ""ChargingBay01"", ""extraData"": null, ""icon"": null, ""id"": null, ""itemTypeCategoryLabel"": ""EVCharging"", ""itemTypeExternalId"": ""ChargingBay01"", ""language"": null, ""orderIndex"": null, ""priceFacet"": [], ""regularHours"": [], ""slug"": null, ""status"": null, ""tags"": null, ""validityFacet"": []}, {""assets"": [{""cloudName"": ""mobilosoft-testing"", ""fileName"": null, ""order"": null, ""publicId"": ""rehab/ampol-foodary/images/property_item/Group 15"", ""type"": null, ""url"": null}], ""callToActionFacet"": {""ctaLabel"": null, ""ctaType"": null, ""ctaUrl"": """"}, ""channels"": null, ""contentFacet"": {""longContent"": ""CCS 2 (150kW)"", ""shortContent"": null, ""title"": ""Charging Bay 02""}, ""externalId"": ""ChargingBay02"", ""extraData"": null, ""icon"": null, ""id"": null, ""itemTypeCategoryLabel"": ""EVCharging"", ""itemTypeExternalId"": ""ChargingBay02"", ""language"": null, ""orderIndex"": null, ""priceFacet"": [], ""regularHours"": [], ""slug"": null, ""status"": null, ""tags"": null, ""validityFacet"": []}, {""assets"": [{""cloudName"": ""mobilosoft-testing"", ""fileName"": null, ""order"": null, ""publicId"": ""rehab/ampol-foodary/images/property_item/AmpCharge_Icon"", ""type"": null, ""url"": null}], ""callToActionFacet"": {""ctaLabel"": null, ""ctaType"": null, ""ctaUrl"": """"}, ""channels"": null, ""contentFacet"": {""longContent"": ""EV Charging (AmpCharge) is available at this location"", ""shortContent"": null, ""title"": ""EV Charging (AmpCharge)""}, ""externalId"": ""EVChargingAmpCharge"", ""extraData"": null, ""icon"": null, ""id"": null, ""itemTypeCategoryLabel"": ""EVCharging"", ""itemTypeExternalId"": ""EVChargingAmpCharge"", ""language"": null, ""orderIndex"": null, ""priceFacet"": [], ""regularHours"": [], ""slug"": null, ""status"": null, ""tags"": null, ""validityFacet"": []}]",True,data/raw/ampol/ampol-foodary-lakemba.html,https://locations.ampol.com.au/en/ampol-foodary-lakemba
22582,8abfb06f-91c5-4ed6-9f21-11b3afe6b7dc,Ampol Foodary Gosford West (eastbound),"69-71 Central Coast Hwy, Gosford West, 2250, Australia","Central Coast Hwy, 69-71,2250,Gosford West,Au",2250,-33.427473,151.321276,CCS (Type 2); CHAdeMO,"[{""assets"": [{""cloudName"": ""mobilosoft-testing"", ""fileName"": null, ""order"": null, ""publicId"": ""rehab/ampol-foodary/images/property_item/CHAdeMO"", ""type"": null, ""url"": null}], ""callToActionFacet"": {""ctaLabel"": null, ""ctaType"": null, ""ctaUrl"": """"}, ""channels"": null, ""contentFacet"": {""longContent"": ""CHAdeMO (125kW)"", ""shortContent"": null, ""title"": ""Charging Bay 01""}, ""externalId"": ""ChargingBay01"", ""extraData"": null, ""icon"": null, ""id"": null, ""itemTypeCategoryLabel"": ""EVCharging"", ""itemTypeExternalId"": ""ChargingBay01"", ""language"": null, ""orderIndex"": null, ""priceFacet"": [], ""regularHours"": [], ""slug"": null, ""status"": null, ""tags"": null, ""validityFacet"": []}, {""assets"": [{""cloudName"": ""mobilosoft-testing"", ""fileName"": null, ""order"": null, ""publicId"": ""rehab/ampol-foodary/images/property_item/Group 15"", ""type"": null, ""url"": null}], ""callToActionFacet"": {""ctaLabel"": null, ""ctaType"": null, ""ctaUrl"": """"}, ""channels"": null, ""contentFacet"": {""longContent"": ""CCS 2 (150kW)"", ""shortContent"": null, ""title"": ""Charging Bay 02""}, ""externalId"": ""ChargingBay02"", ""extraData"": null, ""icon"": null, ""id"": null, ""itemTypeCategoryLabel"": ""EVCharging"", ""itemTypeExternalId"": ""ChargingBay02"", ""language"": null, ""orderIndex"": null, ""priceFacet"": [], ""regularHours"": [], ""slug"": null, ""status"": null, ""tags"": null, ""validityFacet"": []}, {""assets"": [{""cloudName"": ""mobilosoft-testing"", ""fileName"": null, ""order"": null, ""publicId"": ""rehab/ampol-foodary/images/property_item/AmpCharge_Icon"", ""type"": null, ""url"": null}], ""callToActionFacet"": {""ctaLabel"": null, ""ctaType"": null, ""ctaUrl"": """"}, ""channels"": null, ""contentFacet"": {""longContent"": ""EV Charging (AmpCharge) is available at this location"", ""shortContent"": null, ""title"": ""EV Charging (AmpCharge)""}, ""externalId"": ""EVChargingAmpCharge"", ""extraData"": null, ""icon"": null, ""id"": null, ""itemTypeCategoryLabel"": ""EVCharging"", ""itemTypeExternalId"": ""EVChargingAmpCharge"", ""language"": null, ""orderIndex"": null, ""priceFacet"": [], ""regularHours"": [], ""slug"": null, ""status"": null, ""tags"": null, ""validityFacet"": []}]",True,data/raw/ampol/ampol-foodary-gosford-west-eastbound.html,https://locations.ampol.com.au/en/ampol-foodary-gosford-west-eastbound
22794,23bec04a-c1a6-4528-a7f4-c04c869e66ac,Ampol Foodary Greenacre,"87-91 Roberts Rd Cnr Moondo St, Greenacre, 2190, Australia","Roberts Rd Cnr Moondo St, 87-91,2190,Greenacre,Au",2190,-33.9047219,151.0645866,CCS (Type 2); CHAdeMO,"[{""assets"": [{""cloudName"": ""mobilosoft-testing"", ""fileName"": null, ""order"": null, ""publicId"": ""rehab/ampol-foodary/images/property_item/CHAdeMO"", ""type"": null, ""url"": null}], ""callToActionFacet"": {""ctaLabel"": null, ""ctaType"": null, ""ctaUrl"": """"}, ""channels"": null, ""contentFacet"": {""longContent"": ""CHAdeMO (125kW)"", ""shortContent"": null, ""title"": ""Charging Bay 01""}, ""externalId"": ""ChargingBay01"", ""extraData"": null, ""icon"": null, ""id"": null, ""itemTypeCategoryLabel"": ""EVCharging"", ""itemTypeExternalId"": ""ChargingBay01"", ""language"": null, ""orderIndex"": null, ""priceFacet"": [], ""regularHours"": [], ""slug"": null, ""status"": null, ""tags"": null, ""validityFacet"": []}, {""assets"": [{""cloudName"": ""mobilosoft-testing"", ""fileName"": null, ""order"": null, ""publicId"": ""rehab/ampol-foodary/images/property_item/Group 15"", ""type"": null, ""url"": null}], ""callToActionFacet"": {""ctaLabel"": null, ""ctaType"": null, ""ctaUrl"": """"}, ""channels"": null, ""contentFacet"": {""longContent"": ""CCS 2 (150kW)"", ""shortContent"": null, ""title"": ""Charging Bay 02""}, ""externalId"": ""ChargingBay02"", ""extraData"": null, ""icon"": null, ""id"": null, ""itemTypeCategoryLabel"": ""EVCharging"", ""itemTypeExternalId"": ""ChargingBay02"", ""language"": null, ""orderIndex"": null, ""priceFacet"": [], ""regularHours"": [], ""slug"": null, ""status"": null, ""tags"": null, ""validityFacet"": []}, {""assets"": [{""cloudName"": ""mobilosoft-testing"", ""fileName"": null, ""order"": null, ""publicId"": ""rehab/ampol-foodary/images/property_item/AmpCharge_Icon"", ""type"": null, ""url"": null}], ""callToActionFacet"": {""ctaLabel"": null, ""ctaType"": null, ""ctaUrl"": """"}, ""channels"": null, ""contentFacet"": {""longContent"": ""EV Charging (AmpCharge) is available at this location"", ""shortContent"": null, ""title"": ""EV Charging (AmpCharge)""}, ""externalId"": ""EVChargingAmpCharge"", ""extraData"": null, ""icon"": null, ""id"": null, ""itemTypeCategoryLabel"": ""EVCharging"", ""itemTypeExternalId"": ""EVChargingAmpCharge"", ""language"": null, ""orderIndex"": null, ""priceFacet"": [], ""regularHours"": [], ""slug"": null, ""status"": null, ""tags"": null, ""validityFacet"": []}]",True,data/raw/ampol/ampol-foodary-greenacre.html,https://locations.ampol.com.au/en/ampol-foodary-greenacre
22895,5aca1d72-124e-424b-a691-6a43dcc43c2c,Ampol Foodary St Ives,"164 Mona Vale Rd, St Ives, 2075, Australia","Mona Vale Rd, 164,2075,St Ives,Au",2075,-33.730783,151.157051,CCS (Type 2); CHAdeMO,"[{""assets"": [{""cloudName"": ""mobilosoft-testing"", ""fileName"": null, ""order"": null, ""publicId"": ""rehab/ampol-foodary/images/property_item/CHAdeMO"", ""type"": null, ""url"": null}], ""callToActionFacet"": {""ctaLabel"": null, ""ctaType"": null, ""ctaUrl"": """"}, ""channels"": null, ""contentFacet"": {""longContent"": ""CHAdeMO (125kW)"", ""shortContent"": null, ""title"": ""Charging Bay 01""}, ""externalId"": ""ChargingBay01"", ""extraData"": null, ""icon"": null, ""id"": null, ""itemTypeCategoryLabel"": ""EVCharging"", ""itemTypeExternalId"": ""ChargingBay01"", ""language"": null, ""orderIndex"": null, ""priceFacet"": [], ""regularHours"": [], ""slug"": null, ""status"": null, ""tags"": null, ""validityFacet"": []}, {""assets"": [{""cloudName"": ""mobilosoft-testing"", ""fileName"": null, ""order"": null, ""publicId"": ""rehab/ampol-foodary/images/property_item/Group 15"", ""type"": null, ""url"": null}], ""callToActionFacet"": {""ctaLabel"": null, ""ctaType"": null, ""ctaUrl"": """"}, ""channels"": null, ""contentFacet"": {""longContent"": ""CCS 2 (150kW)"", ""shortContent"": null, ""title"": ""Charging Bay 02""}, ""externalId"": ""ChargingBay02"", ""extraData"": null, ""icon"": null, ""id"": null, ""itemTypeCategoryLabel"": ""EVCharging"", ""itemTypeExternalId"": ""ChargingBay02"", ""language"": null, ""orderIndex"": null, ""priceFacet"": [], ""regularHours"": [], ""slug"": null, ""status"": null, ""tags"": null, ""validityFacet"": []}, {""assets"": [{""cloudName"": ""mobilosoft-testing"", ""fileName"": null, ""order"": null, ""publicId"": ""rehab/ampol-foodary/images/property_item/AmpCharge_Icon"", ""type"": null, ""url"": null}], ""callToActionFacet"": {""ctaLabel"": null, ""ctaType"": null, ""ctaUrl"": """"}, ""channels"": null, ""contentFacet"": {""longContent"": ""EV Charging (AmpCharge) is available at this location"", ""shortContent"": null, ""title"": ""EV Charging (AmpCharge)""}, ""externalId"": ""EVChargingAmpCharge"", ""extraData"": null, ""icon"": null, ""id"": null, ""itemTypeCategoryLabel"": ""EVCharging"", ""itemTypeExternalId"": ""EVChargingAmpCharge"", ""language"": null, ""orderIndex"": null, ""priceFacet"": [], ""regularHours"": [], ""slug"": null, ""status"": null, ""tags"": null, ""validityFacet"": []}]",True,data/raw/ampol/ampol-foodary-st-ives.html,https://locations.ampol.com.au/en/ampol-foodary-st-ives
22906,937f24b8-cd98-4417-bb22-25ed1733cdc2,Ampol Foodary Penrith Coreen Ave,"153 Coreen Ave Cnr Castlereagh Rd, Penrith, 2750, Australia","Coreen Ave Cnr Castlereagh Rd, 153,2750,Penrith,Au",2750,-33.7429406,150.692728,CCS (Type 2); CHAdeMO,"[{""assets"": [{""cloudName"": ""mobilosoft-testing"", ""fileName"": null, ""order"": null, ""publicId"": ""rehab/ampol-foodary/images/property_item/CHAdeMO"", ""type"": null, ""url"": null}], ""callToActionFacet"": {""ctaLabel"": null, ""ctaType"": null, ""ctaUrl"": """"}, ""channels"": null, ""contentFacet"": {""longContent"": ""CHAdeMO (125kW)"", ""shortContent"": null, ""title"": ""Charging Bay 01""}, ""externalId"": ""ChargingBay01"", ""extraData"": null, ""icon"": null, ""id"": null, ""itemTypeCategoryLabel"": ""EVCharging"", ""itemTypeExternalId"": ""ChargingBay01"", ""language"": null, ""orderIndex"": null, ""priceFacet"": [], ""regularHours"": [], ""slug"": null, ""status"": null, ""tags"": null, ""validityFacet"": []}, {""assets"": [{""cloudName"": ""mobilosoft-testing"", ""fileName"": null, ""order"": null, ""publicId"": ""rehab/ampol-foodary/images/property_item/Group 15"", ""type"": null, ""url"": null}], ""callToActionFacet"": {""ctaLabel"": null, ""ctaType"": null, ""ctaUrl"": """"}, ""channels"": null, ""contentFacet"": {""longContent"": ""CCS 2 (150kW)"", ""shortContent"": null, ""title"": ""Charging Bay 02""}, ""externalId"": ""ChargingBay02"", ""extraData"": null, ""icon"": null, ""id"": null, ""itemTypeCategoryLabel"": ""EVCharging"", ""itemTypeExternalId"": ""ChargingBay02"", ""language"": null, ""orderIndex"": null, ""priceFacet"": [], ""regularHours"": [], ""slug"": null, ""status"": null, ""tags"": null, ""validityFacet"": []}, {""assets"": [{""cloudName"": ""mobilosoft-testing"", ""fileName"": null, ""order"": null, ""publicId"": ""rehab/ampol-foodary/images/property_item/AmpCharge_Icon"", ""type"": null, ""url"": null}], ""callToActionFacet"": {""ctaLabel"": null, ""ctaType"": null, ""ctaUrl"": """"}, ""channels"": null, ""contentFacet"": {""longContent"": ""EV Charging (AmpCharge) is available at this location"", ""shortContent"": null, ""title"": ""EV Charging (AmpCharge)""}, ""externalId"": ""EVChargingAmpCharge"", ""extraData"": null, ""icon"": null, ""id"": null, ""itemTypeCategoryLabel"": ""EVCharging"", ""itemTypeExternalId"": ""EVChargingAmpCharge"", ""language"": null, ""orderIndex"": null, ""priceFacet"": [], ""regularHours"": [], ""slug"": null, ""status"": null, ""tags"": null, ""validityFacet"": []}]",True,data/raw/ampol/ampol-foodary-penrith-coreen-ave.html,https://locations.ampol.com.au/en/ampol-foodary-penrith-coreen-ave
25567,b8eeaa8a-8ebf-4097-b797-04343c356006,Ampol Foodary Windsor South,"741 George St, Windsor South, 2756, Australia","George St, 741,2756,Windsor South,Au",2756,-33.6389352,150.7839337,CCS (Type 2); CHAdeMO,"[{""assets"": [{""cloudName"": ""mobilosoft-testing"", ""fileName"": null, ""order"": null, ""publicId"": ""rehab/ampol-foodary/images/property_item/CHAdeMO"", ""type"": null, ""url"": null}], ""callToActionFacet"": {""ctaLabel"": null, ""ctaType"": null, ""ctaUrl"": """"}, ""channels"": null, ""contentFacet"": {""longContent"": ""CHAdeMO (125kW)"", ""shortContent"": null, ""title"": ""Charging Bay 01""}, ""externalId"": ""ChargingBay01"", ""extraData"": null, ""icon"": null, ""id"": null, ""itemTypeCategoryLabel"": ""EVCharging"", ""itemTypeExternalId"": ""ChargingBay01"", ""language"": null, ""orderIndex"": null, ""priceFacet"": [], ""regularHours"": [], ""slug"": null, ""status"": null, ""tags"": null, ""validityFacet"": []}, {""assets"": [{""cloudName"": ""mobilosoft-testing"", ""fileName"": null, ""order"": null, ""publicId"": ""rehab/ampol-foodary/images/property_item/Group 15"", ""type"": null, ""url"": null}], ""callToActionFacet"": {""ctaLabel"": null, ""ctaType"": null, ""ctaUrl"": """"}, ""channels"": null, ""contentFacet"": {""longContent"": ""CCS 2 (150kW)"", ""shortContent"": null, ""title"": ""Charging Bay 02""}, ""externalId"": ""ChargingBay02"", ""extraData"": null, ""icon"": null, ""id"": null, ""itemTypeCategoryLabel"": ""EVCharging"", ""itemTypeExternalId"": ""ChargingBay02"", ""language"": null, ""orderIndex"": null, ""priceFacet"": [], ""regularHours"": [], ""slug"": null, ""status"": null, ""tags"": null, ""validityFacet"": []}, {""assets"": [{""cloudName"": ""mobilosoft-testing"", ""fileName"": null, ""order"": null, ""publicId"": ""rehab/ampol-foodary/images/property_item/AmpCharge_Icon"", ""type"": null, ""url"": null}], ""callToActionFacet"": {""ctaLabel"": null, ""ctaType"": null, ""ctaUrl"": """"}, ""channels"": null, ""contentFacet"": {""longContent"": ""EV Charging (AmpCharge) is available at this location"", ""shortContent"": null, ""title"": ""EV Charging (AmpCharge)""}, ""externalId"": ""EVChargingAmpCharge"", ""extraData"": null, ""icon"": null, ""id"": null, ""itemTypeCategoryLabel"": ""EVCharging"", ""itemTypeExternalId"": ""EVChargingAmpCharge"", ""language"": null, ""orderIndex"": null, ""priceFacet"": [], ""regularHours"": [], ""slug"": null, ""status"": null, ""tags"": null, ""validityFacet"": []}]",True,data/raw/ampol/ampol-foodary-windsor-south.html,https://locations.ampol.com.au/en/ampol-foodary-windsor-south
28569,0237e21a-b26c-4849-aec4-bf597f1a31f9,Ampol Foodary Werrington,"Cnr Dunheved Rd & Henry Lawson Dr, Werrington, 2747, Australia","Cnr Dunheved Rd & Henry Lawson Dr,2747,Werrington,Au",2747,-33.745872,150.741075,CCS (Type 2); CHAdeMO,"[{""assets"": [{""cloudName"": ""mobilosoft-testing"", ""fileName"": null, ""order"": null, ""publicId"": ""rehab/ampol-foodary/images/property_item/CHAdeMO"", ""type"": null, ""url"": null}], ""callToActionFacet"": {""ctaLabel"": null, ""ctaType"": null, ""ctaUrl"": """"}, ""channels"": null, ""contentFacet"": {""longContent"": ""CHAdeMO (125kW)"", ""shortContent"": null, ""title"": ""Charging Bay 01""}, ""externalId"": ""ChargingBay01"", ""extraData"": null, ""icon"": null, ""id"": null, ""itemTypeCategoryLabel"": ""EVCharging"", ""itemTypeExternalId"": ""ChargingBay01"", ""language"": null, ""orderIndex"": null, ""priceFacet"": [], ""regularHours"": [], ""slug"": null, ""status"": null, ""tags"": null, ""validityFacet"": []}, {""assets"": [{""cloudName"": ""mobilosoft-testing"", ""fileName"": null, ""order"": null, ""publicId"": ""rehab/ampol-foodary/images/property_item/Group 15"", ""type"": null, ""url"": null}], ""callToActionFacet"": {""ctaLabel"": null, ""ctaType"": null, ""ctaUrl"": """"}, ""channels"": null, ""contentFacet"": {""longContent"": ""CCS 2 (150kW)"", ""shortContent"": null, ""title"": ""Charging Bay 02""}, ""externalId"": ""ChargingBay02"", ""extraData"": null, ""icon"": null, ""id"": null, ""itemTypeCategoryLabel"": ""EVCharging"", ""itemTypeExternalId"": ""ChargingBay02"", ""language"": null, ""orderIndex"": null, ""priceFacet"": [], ""regularHours"": [], ""slug"": null, ""status"": null, ""tags"": null, ""validityFacet"": []}, {""assets"": [{""cloudName"": ""mobilosoft-testing"", ""fileName"": null, ""order"": null, ""publicId"": ""rehab/ampol-foodary/images/property_item/AmpCharge_Icon"", ""type"": null, ""url"": null}], ""callToActionFacet"": {""ctaLabel"": null, ""ctaType"": null, ""ctaUrl"": """"}, ""channels"": null, ""contentFacet"": {""longContent"": ""EV Charging (AmpCharge) is available at this location"", ""shortContent"": null, ""title"": ""EV Charging (AmpCharge)""}, ""externalId"": ""EVChargingAmpCharge"", ""extraData"": null, ""icon"": null, ""id"": null, ""itemTypeCategoryLabel"": ""EVCharging"", ""itemTypeExternalId"": ""EVChargingAmpCharge"", ""language"": null, ""orderIndex"": null, ""priceFacet"": [], ""regularHours"": [], ""slug"": null, ""status"": null, ""tags"": null, ""validityFacet"": []}]",True,data/raw/ampol/ampol-foodary-werrington.html,https://locations.ampol.com.au/en/ampol-foodary-werrington
28576,d1796e15-cc02-46c9-917a-42866c186bd7,Ampol Foodary Eastern Creek Eastbound,"M4 Motorway Eastbound, Eastern Creek, 2766, Australia","M4 Motorway Eastbound,2766,Eastern Creek,Au",2766,-33.8016783,150.8859746,CCS (Type 2); CHAdeMO,"[{""assets"": [{""cloudName"": ""mobilosoft-testing"", ""fileName"": null, ""order"": null, ""publicId"": ""rehab/ampol-foodary/images/property_item/CHAdeMO"", ""type"": null, ""url"": null}], ""callToActionFacet"": {""ctaLabel"": null, ""ctaType"": null, ""ctaUrl"": """"}, ""channels"": null, ""contentFacet"": {""longContent"": ""CHAdeMO (125kW)"", ""shortContent"": null, ""title"": ""Charging Bay 01""}, ""externalId"": ""ChargingBay01"", ""extraData"": null, ""icon"": null, ""id"": null, ""itemTypeCategoryLabel"": ""EVCharging"", ""itemTypeExternalId"": ""ChargingBay01"", ""language"": null, ""orderIndex"": null, ""priceFacet"": [], ""regularHours"": [], ""slug"": null, ""status"": null, ""tags"": null, ""validityFacet"": []}, {""assets"": [{""cloudName"": ""mobilosoft-testing"", ""fileName"": null, ""order"": null, ""publicId"": ""rehab/ampol-foodary/images/property_item/Group 15"", ""type"": null, ""url"": null}], ""callToActionFacet"": {""ctaLabel"": null, ""ctaType"": null, ""ctaUrl"": """"}, ""channels"": null, ""contentFacet"": {""longContent"": ""CCS 2 (150kW)"", ""shortContent"": null, ""title"": ""Charging Bay 02""}, ""externalId"": ""ChargingBay02"", ""extraData"": null, ""icon"": null, ""id"": null, ""itemTypeCategoryLabel"": ""EVCharging"", ""itemTypeExternalId"": ""ChargingBay02"", ""language"": null, ""orderIndex"": null, ""priceFacet"": [], ""regularHours"": [], ""slug"": null, ""status"": null, ""tags"": null, ""validityFacet"": []}, {""assets"": [{""cloudName"": ""mobilosoft-testing"", ""fileName"": null, ""order"": null, ""publicId"": ""rehab/ampol-foodary/images/property_item/AmpCharge_Icon"", ""type"": null, ""url"": null}], ""callToActionFacet"": {""ctaLabel"": null, ""ctaType"": null, ""ctaUrl"": """"}, ""channels"": null, ""contentFacet"": {""longContent"": ""EV Charging (AmpCharge) is available at this location"", ""shortContent"": null, ""title"": ""EV Charging (AmpCharge)""}, ""externalId"": ""EVChargingAmpCharge"", ""extraData"": null, ""icon"": null, ""id"": null, ""itemTypeCategoryLabel"": ""EVCharging"", ""itemTypeExternalId"": ""EVChargingAmpCharge"", ""language"": null, ""orderIndex"": null, ""priceFacet"": [], ""regularHours"": [], ""slug"": null, ""status"": null, ""tags"": null, ""validityFacet"": []}]",True,data/raw/ampol/ampol-foodary-eastern-creek-eastbound.html,https://locations.ampol.com.au/en/ampol-foodary-eastern-creek-eastbound
28577,80cd7c47-a77c-4e15-81fc-2e836b943682,Ampol Foodary Eastern Creek Westbound,"M4 Motorway Westbound, Eastern Creek, 2766, Australia","M4 Motorway Westbound,2766,Eastern Creek,Au",2766,-33.802145,150.880213,CCS (Type 2); CHAdeMO,"[{""assets"": [{""cloudName"": ""mobilosoft-testing"", ""fileName"": null, ""order"": null, ""publicId"": ""rehab/ampol-foodary/images/property_item/CHAdeMO"", ""type"": null, ""url"": null}], ""callToActionFacet"": {""ctaLabel"": null, ""ctaType"": null, ""ctaUrl"": """"}, ""channels"": null, ""contentFacet"": {""longContent"": ""CHAdeMO (125kW)"", ""shortContent"": null, ""title"": ""Charging Bay 01""}, ""externalId"": ""ChargingBay01"", ""extraData"": null, ""icon"": null, ""id"": null, ""itemTypeCategoryLabel"": ""EVCharging"", ""itemTypeExternalId"": ""ChargingBay01"", ""language"": null, ""orderIndex"": null, ""priceFacet"": [], ""regularHours"": [], ""slug"": null, ""status"": null, ""tags"": null, ""validityFacet"": []}, {""assets"": [{""cloudName"": ""mobilosoft-testing"", ""fileName"": null, ""order"": null, ""publicId"": ""rehab/ampol-foodary/images/property_item/Group 15"", ""type"": null, ""url"": null}], ""callToActionFacet"": {""ctaLabel"": null, ""ctaType"": null, ""ctaUrl"": """"}, ""channels"": null, ""contentFacet"": {""longContent"": ""CCS 2 (150kW)"", ""shortContent"": null, ""title"": ""Charging Bay 02""}, ""externalId"": ""ChargingBay02"", ""extraData"": null, ""icon"": null, ""id"": null, ""itemTypeCategoryLabel"": ""EVCharging"", ""itemTypeExternalId"": ""ChargingBay02"", ""language"": null, ""orderIndex"": null, ""priceFacet"": [], ""regularHours"": [], ""slug"": null, ""status"": null, ""tags"": null, ""validityFacet"": []}, {""assets"": [{""cloudName"": ""mobilosoft-testing"", ""fileName"": null, ""order"": null, ""publicId"": ""rehab/ampol-foodary/images/property_item/AmpCharge_Icon"", ""type"": null, ""url"": null}], ""callToActionFacet"": {""ctaLabel"": null, ""ctaType"": null, ""ctaUrl"": """"}, ""channels"": null, ""contentFacet"": {""longContent"": ""EV Charging (AmpCharge) is available at this location"", ""shortContent"": null, ""title"": ""EV Charging (AmpCharge)""}, ""externalId"": ""EVChargingAmpCharge"", ""extraData"": null, ""icon"": null, ""id"": null, ""itemTypeCategoryLabel"": ""EVCharging"", ""itemTypeExternalId"": ""EVChargingAmpCharge"", ""language"": null, ""orderIndex"": null, ""priceFacet"": [], ""regularHours"": [], ""slug"": null, ""status"": null, ""tags"": null, ""validityFacet"": []}]",True,data/raw/ampol/ampol-foodary-eastern-creek-westbound.html,https://locations.ampol.com.au/en/ampol-foodary-eastern-creek-westbound
28820,1b934d51-e2e4-4832-9a07-758285d8ffa5,Ampol Foodary Charmhaven,"13-15 Pacific Hwy Cnr Costa Ave, Charmhaven, 2263, Australia","Pacific Hwy Cnr Costa Ave, 13-15,2263,Charmhaven,Au",2263,-33.216578,151.509153,CCS (Type 2); CHAdeMO,"[{""assets"": [{""cloudName"": ""mobilosoft-testing"", ""fileName"": null, ""order"": null, ""publicId"": ""rehab/ampol-foodary/images/property_item/CHAdeMO"", ""type"": null, ""url"": null}], ""callToActionFacet"": {""ctaLabel"": null, ""ctaType"": null, ""ctaUrl"": """"}, ""channels"": null, ""contentFacet"": {""longContent"": ""CHAdeMO (125kW)"", ""shortContent"": null, ""title"": ""Charging Bay 01""}, ""externalId"": ""ChargingBay01"", ""extraData"": null, ""icon"": null, ""id"": null, ""itemTypeCategoryLabel"": ""EVCharging"", ""itemTypeExternalId"": ""ChargingBay01"", ""language"": null, ""orderIndex"": null, ""priceFacet"": [], ""regularHours"": [], ""slug"": null, ""status"": null, ""tags"": null, ""validityFacet"": []}, {""assets"": [{""cloudName"": ""mobilosoft-testing"", ""fileName"": null, ""order"": null, ""publicId"": ""rehab/ampol-foodary/images/property_item/Group 15"", ""type"": null, ""url"": null}], ""callToActionFacet"": {""ctaLabel"": null, ""ctaType"": null, ""ctaUrl"": """"}, ""channels"": null, ""contentFacet"": {""longContent"": ""CCS 2 (150kW)"", ""shortContent"": null, ""title"": ""Charging Bay 02""}, ""externalId"": ""ChargingBay02"", ""extraData"": null, ""icon"": null, ""id"": null, ""itemTypeCategoryLabel"": ""EVCharging"", ""itemTypeExternalId"": ""ChargingBay02"", ""language"": null, ""orderIndex"": null, ""priceFacet"": [], ""regularHours"": [], ""slug"": null, ""status"": null, ""tags"": null, ""validityFacet"": []}, {""assets"": [{""cloudName"": ""mobilosoft-testing"", ""fileName"": null, ""order"": null, ""publicId"": ""rehab/ampol-foodary/images/property_item/AmpCharge_Icon"", ""type"": null, ""url"": null}], ""callToActionFacet"": {""ctaLabel"": null, ""ctaType"": null, ""ctaUrl"": """"}, ""channels"": null, ""contentFacet"": {""longContent"": ""EV Charging (AmpCharge) is available at this location"", ""shortContent"": null, ""title"": ""EV Charging (AmpCharge)""}, ""externalId"": ""EVChargingAmpCharge"", ""extraData"": null, ""icon"": null, ""id"": null, ""itemTypeCategoryLabel"": ""EVCharging"", ""itemTypeExternalId"": ""EVChargingAmpCharge"", ""language"": null, ""orderIndex"": null, ""priceFacet"": [], ""regularHours"": [], ""slug"": null, ""status"": null, ""tags"": null, ""validityFacet"": []}]",True,data/raw/ampol/ampol-foodary-charmhaven.html,https://locations.ampol.com.au/en/ampol-foodary-charmhaven
