location_id,ocm_id,distance_m,address_similarity,same_operator,postcode_conflict,source_address_conflict,extended_address_conflict,eligible,score,decision,source_address,external_address,source_operator,external_operator,address_exception_applied,address_exception_review_id,address_exception_record_id,address_exception_source_file,address_exception_evidence_sha256,address_exception_reason
l_525794e991b51357265b,272521,65.27786536370579,0.2222222222222222,True,False,False,,True,0.5863424028230819,accepted,"01 Wallgrove Road, Sydney, 2766",BP Truckstop,BP Pulse (AU),BP Pulse (AU),False,,,,,
l_705ce103d05dd463509e,190678,0.0,1.0,True,False,False,,True,1.0,accepted,"1 - 7 Ross St, Wilcannia NSW 2836, Australia",1-7 Ross St,NRMA,NRMA,False,,,,,
l_68291ad118eee7eaf940,272688,125.40780406982019,1.0,True,False,False,,True,0.7282830911820563,accepted,"1 Ingham Dr, Casula NSW 2170",1 Ingham Dr,Evie,Evie,False,,,,,
l_9da5faf300fd10acd433,79311,0.05941535492023806,0.2222222222222222,True,False,False,,True,0.7276490445087839,accepted,"10 Winery Dr, Port Macquarie, 2444",764 Pacific Highway,Tesla,Tesla,False,,,,,
l_8416f791abd4d41697fe,480135,0.0,1.0,True,False,False,,True,1.0,accepted,"10W Apsley St, Walcha NSW 2354, Australia",10W Apsley Street,NRMA,NRMA,False,,,,,
l_1613ca64d30e734b161f,190394,47.9034368391397,0.896551724137931,True,False,False,,True,0.8600023236301398,accepted,"11 Ewingsdale Rd, Ewingsdale, 2481",Ewingsdale Road,NRMA,NRMA,False,,,,,
l_b2a6b868435fa8184251,190875,17.967844737151715,1.0,True,False,False,,True,0.9610696697361713,accepted,"110 Anzac Pde, Sydney, 2033",110 Anzac Pde,JOLT,JOLT,False,,,,,
l_3ff070fbbce13f553c1b,295979,23.419187687295878,0.8387096774193549,True,False,False,,True,0.8928068137742997,accepted,"1106 Barrenjoey Rd, Sydney, 2108",Barrenjoey Road,JOLT,JOLT,False,,,,,
l_519de0877082b81f2941,266500,0.0,1.0,True,False,False,,True,1.0,accepted,"116 Liverpool St, Scone, NSW 2337, Australia",116 Liverpool Street,NRMA,NRMA,False,,,,,
l_18260143f953bb72e108,272624,79.7404414854944,1.0,True,False,False,,True,0.8272290434480954,accepted,"1183-1187 The Horsley Dr, Sydney, 2164",1183-1187 The Horsley Drive,Chargefox,Chargefox,False,,,,,
l_22c2a4f6599fdc9bab94,266586,12.615851870964594,1.0,True,False,False,,True,0.9726656542795767,accepted,"119 Stenhouse Drive, Cameron Park, 2285",119 Stenhouse Drive,Evie,Evie,False,,,,,
l_b53c8d230a9365dc443d,279180,235.65210206711396,0.8461538461538461,True,False,False,,True,0.4355742916750992,accepted,"12 Hume Hwy, Pheasants Nest, 2574",Lot 12 Hume Hwy,Ampol AmpCharge,Ampol AmpCharge,False,,,,,
l_b45e1b0eaa6413d79c5a,279179,87.53552968057407,0.7857142857142857,True,False,False,,True,0.7353396856920895,accepted,"12 Hume Hwy, Pheasants Nest, 2574",Lots 1 & 2 Hume Hwy,Ampol AmpCharge,Ampol AmpCharge,False,,,,,
l_7a1f17cea4f6ed6bd924,306015,55.168496197416694,0.37037037037037035,True,False,False,,True,0.6600978878685602,accepted,"126 Mackay Ave, Yoogali, 2680",Kurrajong Avenue,Chargefox,Chargefox,False,,,,,
l_809b713e1b45a72ecb11,272673,225.0244845574251,1.0,True,False,False,,True,0.512446950125579,accepted,"128 Flood Street, Leichhardt NSW 2040",128 Flood Street,Evie,Evie,False,,,,,
l_eead85d23984e6a813de,238124,7.322204805906158,0.7272727272727273,True,False,False,,True,0.8886806774659911,accepted,"13125 Hume Hwy, Sutton Forest, 2577",Hume Hwy,Evie,Evie,False,,,,,
l_23a134d624929bfd15b1,190393,66.66449770217623,0.8,True,False,False,,True,0.7855602549786183,accepted,"132 Pound Street, Grafton, 2460",Pound Street,NRMA,NRMA,False,,,,,
l_59b85a2e83ea9e0cc943,273433,15.55749508239775,0.42424242424242425,True,False,False,,True,0.7647769424729867,accepted,"134-136 Grafton St, Coffs Harbour, 2450",136 Pacific Highway,BP Pulse (AU),BP Pulse (AU),False,,,,,
l_78278d9cbcaa8a3ed72a,161845,27.19922003743987,0.0,True,False,False,,True,0.591068356585547,accepted,"140 Queen St, Berry, 2535",,NRMA,NRMA,False,,,,,
l_7e80a277fc27451959f7,480398,53.52053546646704,0.3333333333333333,True,False,False,,True,0.6507055064893215,accepted,"15 Chancellors Dr, Thrumster , 2444",John Oxley Drive,Tesla,Tesla,False,,,,,
l_c45a8e642136acb713f1,238126,40.359416899960664,0.7272727272727273,True,False,False,,True,0.8171000512622064,accepted,"15666 Hume Hwy, Marulan, 2579",Hume Highway,BP Pulse (AU),BP Pulse (AU),False,,,,,
l_66207c8601840754570c,190681,0.0,0.9655172413793104,True,False,False,,True,0.9879310344827587,accepted,"15c Mitchell St, Bourke, NSW 2840, Australia",15 Mitchell St,NRMA,NRMA,False,,,,,
l_a3000912deeddde99fe7,191177,0.0,1.0,True,False,False,,True,1.0,accepted,"17 Stewart St, Wollongong NSW 2500, Australia",17 Stewart Street,NRMA,NRMA,False,,,,,
l_246b28d63569bf18ce0a,190680,32.89353139537683,0.56,True,False,False,,True,0.7747306819766835,accepted,"18 Dandaloo St, Nyngan, NSW 2825, Australia",18 Cobar Street,NRMA,NRMA,False,,,,,
l_b8c46e148a2862d60baa,265390,18.374255606937876,1.0,True,False,False,,True,0.9601891128516346,accepted,"18 Victoria Avenue, Castle Hill NSW 2154",18 Victoria Avenue,Evie,Evie,False,,,,,
l_06c6ea1e177730f1c26f,109340,0.033562808066859906,1.0,True,False,False,,True,0.9999272805825218,accepted,"185 Princes Hwy, Narooma , 2546",185 Princes Highway,Tesla,Tesla,False,,,,,
l_99d4a0052e642deee67a,272686,14.896255863361917,1.0,True,False,False,,True,0.9677247789627158,accepted,"188 Raglan St, Sydney, 2088",188 Raglan St,Evie,Evie,False,,,,,
l_7bc95205a8f87ef9657c,272500,6.133553722273198,1.0,True,False,False,,True,0.9867106336017414,accepted,"2 Hercules Street, Murrumbateman, 2582",2 Hercules Street,Evie,Evie,False,,,,,
l_368f35de34030fd756b9,460617,13.146406962727994,1.0,True,False,False,,True,0.9715161182474227,accepted,"2 Ocean Dr, Kew, 2439",2 Ocean Drive,Tesla,Tesla,False,,,,,
l_21d7c81ae4d35fa213d5,191165,3.709588091755044,1.0,True,False,False,,True,0.9919625591345307,accepted,"2 Rosenthal Ave, Lane Cove NSW 2066",2 Rosenthal Ave,Evie,Evie,False,,,,,
l_12d587fb4815ff38fdad,235461,85.87960875054739,0.47619047619047616,True,False,False,,True,0.6305941810404806,accepted,"200 Crown St, Wollongong NSW 2500",Regent Street,Evie,Evie,False,,,,,
l_3915fce4190876f18d00,172652,10.561739412606439,0.8888888888888888,True,False,False,,True,0.938227342383797,accepted,"201 Manning River Drive, Taree, 2430",Manning River Drive,Evie,Evie,False,,,,,
l_5711ab1d8fc3bab1a5f8,79851,8.246272502811763,0.96,True,False,False,,True,0.9681330762439078,accepted,"201 Sloane St, Goulburn , 2580",201 Sloan St,Tesla,Tesla,False,,,,,
l_61f32a319bbc9b809bd6,266501,130.78715687804743,1.0,True,False,False,,True,0.7166278267642305,accepted,20-22 Camden Rd Campbelltown NSW 2560 Australia,20-22 Camden Road,Tesla,Tesla,False,,,,,
l_9d4074fac6e1238e6536,272693,13.438136570120303,1.0,True,False,False,,True,0.9708840374314059,accepted,"221 Wolseley St, Jamisontown NSW 2750",221 Wolseley Street,Evie,Evie,False,,,,,
l_32eb185d7df4945bac3c,273425,37.84882256004302,1.0,True,False,False,,True,0.9179942177865734,accepted,"224 Princes Hwy, Wollongong, 2519",224 Princes Hwy,BP Pulse (AU),BP Pulse (AU),False,,,,,
l_266e266de6f4aa33872b,191162,71.21725381518755,0.9473684210526315,True,False,False,,True,0.8272748974355147,accepted,"227 Railway Terrace, Schofields NSW 2762",227 Railway Rerrace,Evie,Evie,False,,,,,
l_f9ba087aa70daec660fd,79490,83.64505917276986,1.0,True,False,False,,True,0.8187690384589986,accepted,"2285 Pacific Hwy, Heatherbrae, 2324",2285 Pacific Highway,Tesla,Tesla,False,,,,,
l_d39f4fc8acfc83c787e0,190392,29.205184890323885,1.0,True,False,False,,True,0.9367220994042982,accepted,"24 Cooper St, Macksville, 2447",24 Cooper St,Evie,Evie,False,,,,,
l_bc43dfca880ffb942ad0,266620,8.487392061332036,0.9142857142857143,True,False,False,,True,0.9516106505337806,accepted,"24 Sallys Corner Rd, Exeter , 2579",Sallys Corner Rd,Tesla,Tesla,False,,,,,
l_51489750c9bacd1f1530,273436,27.353619443239072,1.0,True,False,False,,True,0.9407338245396487,accepted,"24-42 King Georges Rd, Sydney, 2195",24-42 King Georges Road,BP Pulse (AU),BP Pulse (AU),False,,,,,
l_7631a9743b06ffef2965,272637,13.570206484224986,1.0,True,False,False,,True,0.9705978859508458,accepted,"25 Frenchs Forest Rd E, Frenchs Forest NSW 2086",25 Frenchs Forest Rd E,Evie,Evie,False,,,,,
l_1761162d94172575a525,307990,43.82583677197427,0.8,True,False,False,,True,0.8350440203273892,accepted,"250 Comur St, Yass, 2582",Comur Street,Chargefox,Chargefox,False,,,,,
l_41cdbd5ab07905f37d05,97619,0.08583325399730647,1.0,True,False,False,,True,0.9998140279496726,accepted,"253 Pacific Hwy, Coffs Harbour, 2450",253 Pacific Highway,Tesla,Tesla,False,,,,,
l_98247725bf252bb5e576,272641,0.0431422852429843,1.0,True,False,False,,True,0.9999065250486402,accepted,"260A Liverpool Rd, Ashfield NSW 2131",260A Liverpool Rd,Evie,Evie,False,,,,,
l_688b0c2087b8ebfbc60f,157566,12.935239761501323,1.0,True,False,False,,True,0.9719736471834138,accepted,"2A Beach Rd, Batemans Bay, 2536",2A Beach Road,NRMA,NRMA,False,,,,,
l_22acf8d0c18f6d1f69e5,190679,0.0,1.0,True,False,False,,True,1.0,accepted,"3 Broomfield St, Cobar, NSW 2835, Australia",3 Broomfield Street,NRMA,NRMA,False,,,,,
l_d9778396c3c14741c1d7,190351,4.585470310070809,1.0,True,False,False,,True,0.9900648143281799,accepted,"32 Sydney St, Tarcutta, 2652",32 Sydney Street,Evie,Evie,False,,,,,
l_1d1b2fca2fa995389941,272700,82.76134870217243,1.0,True,False,False,,True,0.8206837444786264,accepted,"322 Woodville Rd, Guildford NSW 2161",322 Woodville Road,Evie,Evie,False,,,,,
l_22ad3567c7fd7e9df8eb,273427,25.91668223760154,0.8823529411764706,True,False,False,,True,0.9026707178969613,accepted,"329-339 Princes Hwy, Sydney, 2044",339 Princes Hwy,BP Pulse (AU),BP Pulse (AU),False,,,,,
l_765cd59dc025044eb30a,79760,7.414244183831051,1.0,True,False,False,,True,0.983935804268366,accepted,"34 Annie Pyers Dr, Gundagai , 2722",34 Annie Pyers Drive,Tesla,Tesla,False,,,,,
l_302a07a2f0a3f2301f69,266872,230.38120054673576,1.0,True,False,False,,True,0.5008407321487391,accepted,"345 Victoria Ave, Sydney, 2067",345 Victoria Avenue,Chargefox,Chargefox,False,,,,,
l_a571645e8251a1425054,129982,99.49654185591305,0.3888888888888889,True,False,False,,True,0.5705352704232995,accepted,"3483 Jerrys Plains Rd, Jerrys Plains, 2330",3483 Golden Hwy,Tesla,Tesla,False,,,,,
l_221de9e0e2d75945c5b7,161993,20.153239568706944,0.8571428571428571,True,False,False,,True,0.9063346476011349,accepted,"37 Nabiac St, Nabiac, 2312",Nabiac Street,NRMA,NRMA,False,,,,,
l_7fd5bfaae6239c1e0b77,296044,49.11917462724746,0.8421052631578947,True,False,False,,True,0.8383119637462271,accepted,"38 Swift St, Holbrook, 2644",Swift Street,Tesla,Tesla,False,,,,,
l_f8b4cc58eae8bfd4a953,191161,14.344824123196126,0.13793103448275862,True,False,False,,True,0.6671954098020406,accepted,"401 Cabramatta Rd W, Cabramatta NSW 2166",Hungry Jacks,Evie,Evie,False,,,,,
l_bebb19b1156280ae638e,172919,23.618453227875804,1.0,True,False,False,,True,0.9488266846729357,accepted,"403 Tarean Rd, Karuah, 2324",403 Tarean Road,Chargefox,Chargefox,False,,,,,
l_4f0e54e6945ee8be278f,190225,35.22098959492056,1.0,True,False,False,,True,0.9236878558776721,accepted,"44 Bangalow Rd, Ballina, 2478",44 Bangalow Road,Chargefox,Chargefox,False,,,,,
l_fe39b125adf35f1fb678,273220,31.24878656726401,1.0,True,False,False,,True,0.932294295770928,accepted,"44 Molesworth St, Lismore, 2480",44 Molesworth St,Chargefox,Chargefox,False,,,,,
l_5c37c09d4b2424a67c35,266540,1.7702132077881356,1.0,True,False,False,,True,0.9961645380497924,accepted,"4-6 New St, Lawson NSW 2783",4-6 New Street,Evie,Evie,False,,,,,
l_a78efb5963484bdfb51f,272633,31.096059089814073,0.9090909090909091,True,False,False,,True,0.900807023487221,accepted,"4-6 Niangala Cl, Belrose NSW 2085",4-6 Niangala Close,Evie,Evie,False,,,,,
l_2cb6da819a47f60aa3da,190682,0.0,1.0,True,False,False,,True,1.0,accepted,"50 Bathurst St, Brewarrina, NSW 2839, Australia",50 Bathurst Street,NRMA,NRMA,False,,,,,
l_18cd5c4d2cbb2d421237,172920,27.77513478578513,0.8666666666666667,True,False,False,,True,0.8931538746307989,accepted,"528 John Oxley Dr, Thrumster, 2444",John Oxley Drive,NRMA,NRMA,False,,,,,
l_48fcdc8e065f25652363,190003,8.493180763876246,1.0,True,False,False,,True,0.9815981083449348,accepted,"53 Sydney Rd, Goulburn, 2580", 53 Sydney Rd,Chargefox,Chargefox,False,,,,,
l_0e7182202acba8dfe173,190706,89.45113770931648,0.88,True,False,False,house_number_conflict,True,0.7641892016298142,accepted,"53A Orient St, Batemans Bay, 2536",51 Orient Street,Evie,Evie,True,DM_BATEMANS_BAY_ADDRESS_RANGE_20260909,r_531a8cdb6b482f190a0d,data/raw/reviewed/dan_murphys_batemans_bay_address_excerpt_20260909.txt,e63433d94aefac1bc4f714b1a15487e08e63c777c691b4cb216395bedb4cebe8,"The official store-page address range includes both source house numbers; the OCM title identifies the same Dan Murphy store. This exception concerns the venue address only and does not verify current connector, cost or operational attributes."
l_8b0120c8ede2dccc884c,272635,13.902070679038568,1.0,True,False,False,,True,0.9698788468620831,accepted,"54-76 Captain Cook Dr, Caringbah NSW 2229",54-76 Captain Cook Drive,Evie,Evie,False,,,,,
l_e9d9d981d53b62bc86f6,171146,9.504590157232537,1.0,True,False,False,,True,0.9794067213259962,accepted,"56 Morpeth St, Harwood , 2465",56 Morpeth St.,Tesla,Tesla,False,,,,,
l_c3a86fe148f60f960b43,113602,20.71565015926556,0.10526315789473684,True,False,False,,True,0.6419581965847492,accepted,"58 Phillip St, West Tamworth , 2340",West Tamworth League Club,Tesla,Tesla,False,,,,,
l_cdc4faf3cb83a0c69e07,191280,77.11687198964454,0.8461538461538461,True,False,False,,True,0.779067290176283,accepted,"580 Princes Hwy, Sydney, 2232",Princes Highway,Tesla,Tesla,False,,,,,
l_d7be5e373b06278feb7a,278525,10.002099103686021,0.6857142857142857,True,False,False,,True,0.868328785275347,accepted,"59-61 Pacific Hwy Cnr Unwin Rd, Waitara, NSW, 2077","Corner Pacific Highway, Unwin Road",Ampol AmpCharge,Ampol AmpCharge,False,,,,,
l_28af1a4ab616ea376e9c,272620,0.07259401181999908,1.0,True,False,False,,True,0.99984271297439,accepted,"6 Boundary St, Sydney, 2081",6 Boundary Street,Chargefox,Chargefox,False,,,,,
l_7d310d8aece783ab59dc,191164,12.20037246418739,1.0,True,False,False,,True,0.9735658596609273,accepted,"6 Myahgah Rd, Sydney, 2088",6 Myahgah Road,Evie,Evie,False,,,,,
l_2a06c0da0ced06a714b1,154488,7.701196309270507,0.875,True,False,False,,True,0.9395640746632472,accepted,"7 Tank St, Lithgow, 2790",Tank St,NRMA,NRMA,False,,,,,
l_1d7851501ad5506d6004,272630,14.626878774984275,1.0,True,False,False,,True,0.9683084293208674,accepted,"73 Belmore Road, Randwick NSW 2031",73 Belmore Road,Evie,Evie,False,,,,,
l_758587195e820219edca,148545,26.190161659865794,1.0,True,False,False,,True,0.9432546497369574,accepted,"76 Cowper St, Wallsend, 2287",76 Cowper Street,NRMA,NRMA,False,,,,,
l_86933707e2b3b3c67eaa,121546,0.018847178989809074,1.0,True,False,False,,True,0.999959164445522,accepted,"76 Wingewarra St, Dubbo , 2830",76 Wingewarra Street,Tesla,Tesla,False,,,,,
l_8dd4f9550e32b973cda3,156010,89.45193275861867,1.0,True,False,False,,True,0.8061874790229928,accepted,"77 Darling St, Cowra, 2794",77 Darling Street,NRMA,NRMA,False,,,,,
l_90bc59c5864665a17c6a,297042,7.898617323808473,1.0,True,False,False,,True,0.9828863291317482,accepted,"78 Great Western Hwy Cnr Ross St, Glenbrook, NSW, 2773",78 Great Western Highway,Ampol AmpCharge,Ampol AmpCharge,False,,,,,
l_57579c6bf729ab6fc9e8,190005,0.0,1.0,True,False,False,,True,1.0,accepted,"81 Meehan St, Yass NSW 2582, Australia",81 Meehan Street,NRMA,NRMA,False,,,,,
l_2283fbc5652d009f8aeb,170824,0.0,1.0,True,False,False,,True,1.0,accepted,"82 Marsh St, Armidale, NSW 2350, Australia",82 Marsh Street,NRMA,NRMA,False,,,,,
l_396adc8d248636738371,191163,51.19801071320793,1.0,True,False,False,,True,0.8890709767880495,accepted,"82A O'Connell St, Sydney, 2747",82a O’Connell Street,Evie,Evie,False,,,,,
l_73392c1fc201dc5d53f3,272632,14.65322433147302,1.0,True,False,False,,True,0.9682513472818085,accepted,"88 Christie St, St Leonards NSW 2065",88 Christie St,Evie,Evie,False,,,,,
l_27981d4442a7bc636509,190671,20.90449724619073,1.0,True,False,False,,True,0.9547069226332534,accepted,"89 Market St, Balranald, 2715",89 Market Street,NRMA,NRMA,False,,,,,
l_2421e1ad6f967d82e6c5,191062,15.68588459172846,1.0,True,False,False,,True,0.9660139167179217,accepted,"895 South Dowling St, Sydney, 2017",895 South Dowling Street,Chargefox,Chargefox,False,,,,,
l_c234117c6f0de82ae487,272694,24.38414034238693,1.0,True,False,False,,True,0.9471676959248283,accepted,"9 Eastern Valley Way, Northbridge NSW 2063",9 Eastern Valley Way,Evie,Evie,False,,,,,
l_ed00398600d5eb9a8afc,272634,37.89449430250201,1.0,True,False,False,,True,0.917895262344579,accepted,"91 Spring St, Sydney, 2022","91 Spring St , NSW 2022",Evie,Evie,False,,,,,
l_bd6ef1894c22d1363cb7,272496,47.13748925870044,0.43478260869565216,True,False,False,,True,0.700042686316294,accepted,"93 Byamee St, Dapto NSW 2530",Moombara Street,Evie,Evie,False,,,,,
l_4d011ad66e5c03718ea1,191160,5.110314847591482,1.0,True,False,False,,True,0.9889276511635519,accepted,"9-49 Chapel Rd, Bankstown NSW 2200",9-49 Chapel Road,Evie,Evie,False,,,,,
l_70b62ce6672d7861923c,306014,73.04115081174547,0.1,True,False,False,,True,0.5267441732412182,accepted,"96 Mackay Ave, Yoogali, 2680",Owen Drive,Chargefox,Chargefox,False,,,,,
l_670a933bd0fd6afe1b3f,128374,46.030765184602096,1.0,True,False,False,,True,0.9002666754333621,accepted,"B640 Princes Hwy, Berry, 2535",B640 Princes Highway,Tesla,Tesla,False,,,,,
l_9538e5057439c6ff0cb4,128371,126.98431106104246,1.0,True,False,False,,True,0.7248673260344081,accepted,"Bryant Dr, Central Coast, 2259",Bryant Drive & Wyong Road,Tesla,Tesla,False,,,,,
l_33ffbe2150b0821f9266,272619,86.72591771774432,0.8571428571428571,True,False,False,,True,0.7620938449448873,accepted,"Bunnerong Rd, Sydney, 2036",439 Bunnerong Road,Chargefox,Chargefox,False,,,,,
l_1a14af4b564a876d23aa,191954,1.9031656490584767,0.5384615384615384,True,False,False,,True,0.8343380128885785,accepted,"Car Park behind the Civic Centre, Orange, 2800",Orange Civic Theatre,NRMA,NRMA,False,,,,,
l_d7e8a6739689bf98ee77,190668,0.0,1.0,True,False,False,,True,1.0,accepted,"Car park, Little Hoskins St, Temora, NSW 2666",Little Hoskins Street,NRMA,NRMA,False,,,,,
l_81ac1c0eb40f1e500ff0,272627,172.8503010728971,0.7567567567567568,True,False,False,,True,0.5403558792069212,accepted,"Cnr Herring & Waterloo Rd, North Ryde NSW 2113",Cnr Herring Rd & Waterloo Rd,Evie,Evie,False,,,,,
l_9e7a0beca84a7d9e019d,190861,6.2297798423714115,0.7619047619047619,True,False,False,,True,0.9031688103415285,accepted,"Corner of Snowy River Avenue and Kalkite St, Jindabyne, 2627",3 Snowy River Ave,NRMA,NRMA,False,,,,,
l_5da82ed9b10e3a7f7cbe,191956,23.032623873938324,0.5882352941176471,True,False,False,,True,0.8059783345476434,accepted,"Dalton St, Parkes, 2870",Bogan Street,NRMA,NRMA,False,,,,,
l_b95fda2a5dfd50021d16,272689,5.462001713187725,1.0,True,False,False,,True,0.9881656629547599,accepted,"Dorhauer Ln, Sydney, 2025",Dorhauer Lane,Evie,Evie,False,,,,,
l_fdbc3ac1498f235c3c76,79243,0.09384463705725389,0.918918918918919,True,False,False,,True,0.9714182915746643,accepted,"f 419 Hinterland Wy, Knockrow , 2479",419 Hinterland Way,Tesla,Tesla,False,,,,,
l_bab6f0f232d08a6bbeb9,191183,52.790960723275724,0.35294117647058826,True,False,False,,True,0.6591489968642752,accepted,"Gipps St, Bega, 2550",Church Street Carpark,NRMA,NRMA,False,,,,,
l_d0a819b95a2a2f3fb46a,171647,36.56188534012432,0.9714285714285714,True,False,False,,True,0.9107825817630639,accepted,"Harbour Boulevard, Shell Cove, 2529",Harbour Boulevarde,Chargefox,Chargefox,False,,,,,
l_489ae1c90174e92bf09e,131610,5.91663623153548,0.875,True,False,False,,True,0.9434306214983399,accepted,"Innovation Way, Wollongong, 2500",Off Innovation Way,Chargefox,Chargefox,False,,,,,
l_5b334947cac0d4a7bb17,190677,0.0,1.0,True,False,False,,True,1.0,accepted,"Kintore Headframe Car Park, 51 Bromide St, Broken Hill, NSW 2880, Australia",51 Bromide St,NRMA,NRMA,False,,,,,
l_bc48e5356bc48752d739,191957,7.467384003689784,0.5263157894736842,True,False,False,,True,0.818031194307795,accepted,"Mortimer St, Mudgee, 2850",Perry Street,NRMA,NRMA,False,,,,,
l_828c50ea7a5f58a7b7d8,191394,4.730997552322278,0.9375,True,False,False,,True,0.9678745053033018,accepted,"Murray Rose Ave, Sydney, 2127",9 Murray Rose Ave,NRMA,NRMA,False,,,,,
l_749d8c0cc4c947ffdc97,172852,15.456512234305794,1.0,True,False,False,,True,0.966510890159004,accepted,"Pacific Hwy, Boambee, 2450",Pacific Highway,Chargefox,Chargefox,False,,,,,
l_23a291542d287073b9fa,190358,30.26673981741739,0.8571428571428571,True,False,False,,True,0.8844220637289291,accepted,"Riverside Dr, Jugiong, 2726",319 Riverside Drive,NRMA,NRMA,False,,,,,
l_bad37c5230a82b6f4b4c,191958,10.760595544154016,0.2,True,False,False,,True,0.6966853763209996,accepted,"Rogan Ln, Young, 2594",88 Lovell Street,NRMA,NRMA,False,,,,,
l_98af0b98434bdf876e53,190669,34.06770836683635,0.7272727272727273,True,False,False,,True,0.8307320864173091,accepted,"Shire St, West Wyalong, 2671","13-15 Shire St, West Wyalong NSW 2671",NRMA,NRMA,False,,,,,
l_07c8e1fedef617b1e41f,274144,75.66460933446285,0.8421052631578947,True,False,False,,True,0.780796855213927,accepted,"Short St, Mudgee, 2850",47 Short Street,NRMA,NRMA,False,,,,,
l_342f228d276725e07657,266499,0.5472679816670019,1.0,True,False,False,,True,0.9988142527063881,accepted,"Sommerlad Ln, Glen Innes, 2370",Sommerlad Lane,NRMA,NRMA,False,,,,,
l_aa4b4d09b4f43305fbb3,273225,10.75162741816114,1.0,True,False,False,,True,0.9767048072606509,accepted,"Sunset Blvd, Soldiers Point, 2317",Sunset Blvd,Chargefox,Chargefox,False,,,,,
l_ed0df2fad12f7a17f5cb,209950,100.28009844438112,0.8571428571428571,True,False,False,,True,0.7327264533705076,accepted,"Vesper St, Batemans Bay, 2536",12 Vesper Street,NRMA,NRMA,False,,,,,
l_11a62538f07076be4260,161843,9.244811017748624,0.9,True,False,False,,True,0.9449695761282113,accepted,"Walton Ln, Picton, 2571",5 Walton Lane,NRMA,NRMA,False,,,,,
l_9725f8739754cc2e95f6,191955,15.777815706634184,1.0,True,False,False,,True,0.9658147326356259,accepted,"Wingewarra St, Dubbo, 2830",Wingewarra Street,NRMA,NRMA,False,,,,,
l_78442ed7458f1f3ea314,266767,17.439638988057222,0.36363636363636365,True,False,False,,True,0.7394868427986032,accepted,"Wyong Rd, Central Coast, 2261",Cnr Mingara Dr & Wyong Rd,BP Pulse (AU),BP Pulse (AU),False,,,,,
l_9480589138e27915442e,300153,80.89997754347364,0.8571428571428571,True,False,False,,True,0.7747167153224738,accepted,188 Fernleigh Rd Glenfield Park NSW 2650 Australia,Fernleigh Road,Tesla,Tesla,False,,,,,
l_d5c1e6df77c05237a6a1,306013,46.98787745126051,1.0,True,False,False,,True,0.8981929321889356,accepted,2 Bridge Rd Griffith NSW 2680 Australia,2 Bridge Road,Tesla,Tesla,False,,,,,
l_7b41f16b1e7c13f0bf4a,311704,67.99115281780314,1.0,True,False,False,,True,0.8526858355614265,accepted,2 Moonee Beach Rd Moonee Beach NSW 2450 Australia,2 Moonee Beach Rd,Tesla,Tesla,False,,,,,
l_31282b7862f2f25d96c4,312659,37.09299463557675,0.3,True,False,False,,True,0.6746318449562504,accepted,"374 Peel St, Tamworth NSW 2340, Australia",Cooper Lane,Evie,Evie,False,,,,,
l_4d0dcff3a3f0cac850b8,461335,54.33601028253736,1.0,True,False,False,,True,0.882271977721169,accepted,477 Coolac Rd Coolac NSW 2727 Australia,477 Coolac Road ,Tesla,Tesla,False,,,,,
l_df304c7cb30586f66cfd,300154,49.205501597809864,0.47619047619047616,True,False,False,,True,0.7100547465380787,accepted,618 Dean St Albury NSW 2640 Australia,Stanley Street,Tesla,Tesla,False,,,,,
l_9aa3a2f47fd3c7772fd7,296045,25.049855858608936,0.8235294117647058,True,False,False,,True,0.8839606064239943,accepted,"68 Lead St, Yass NSW 2582, Australia",Lead Street,Tesla,Tesla,False,,,,,
l_d61269ad92070b68141e,295994,57.36832024446581,0.4,True,False,False,,True,0.6657019728036574,accepted,"Cabarita Beach Bowls and Sports Club, Cabarita Beach NSW 2488",45 Cabarita Road,NRMA,NRMA,False,,,,,
l_3c6e58d2f5c4c5469289,191959,12.873390403224082,0.1111111111111111,True,False,False,,True,0.6609965430152367,accepted,"Coonabarabran Visitor Cntr, Coonabarabran, 2357",Newell Highway,NRMA,NRMA,False,,,,,
l_9faf5dd65d8e18b735f3,297859,97.06479010729976,0.35714285714285715,True,False,False,,True,0.5646929547675171,accepted,Corner Sturgeon St & Glenelg St Raymond Terrace NSW 2324 Australia,Glenelg Street,Tesla,Tesla,False,,,,,
l_9f7d8443d2a153ab0819,266538,12.263856391516445,0.7777777777777778,True,False,False,,True,0.8956505333739366,accepted,"Hope St, Blaxland NSW 2774, Australia",126 Hope St,Tesla,Tesla,False,,,,,
l_e81517695cb9719b6f9c,460615,39.68626683104847,0.8181818181818182,True,False,False,,True,0.8503767248963647,accepted,"Jessie St, Armidale NSW 2350, Australia",117 Jessie Street,Tesla,Tesla,False,,,,,
l_9e972a90d9c046302d2d,121552,15.461196974547534,1.0,True,False,False,,True,0.9665007398884803,accepted,"1 Kendall Ave, Bathurst , 2795",1 Kendall Ave,Tesla,Tesla,False,,,,,
l_186fb0152eafb21824f9,191953,196.9817479781827,1.0,True,False,False,,True,0.5732062127139375,accepted,"1 Kendall Ave, Bathurst, 2795",1 Kendall Avenue,NRMA,NRMA,False,,,,,
l_73c72e9ef358fc5781aa,312274,78.69341724823829,0.6363636363636364,True,False,False,,True,0.702224868689423,accepted,"162 Rouse St, Tenterfield NSW 2372, Australia",1 Crown St,Tesla,Tesla,False,,,,,
