review_id,review_date,reviewer_type,record_id,source_row,location_id,provider,provider_id,accepted_distance_m,source_address,source_operator,source_latitude,source_longitude,external_latitude,external_longitude,external_address,original_raw_json,original_osm_tags_json,existing_ocm_ids,evidence_decision,supporting_evidence,contrary_evidence_and_limits,recommend_withdraw_match,recommended_action,official_point_latitude,official_point_longitude,official_to_source_m,official_to_osm_m,evidence_json
FM01,2026-09-10,AI_assisted_original_evidence_review_not_human_ground_truth,r_8ac1bf727d3903e70216,3,l_525794e991b51357265b,OSM,node/10590006365,65.94037462639166,"01 Wallgrove Road, Sydney, 2766",BP Pulse (AU),-33.81100405,150.8495966,-33.8109506,150.8503059,,"{""OBJECTID"": """", ""Station_name"": """", ""Station_address"": ""01 Wallgrove Road, Sydney, 2766"", ""Operator"": ""BP"", ""Number_of_plugs"": ""4"", ""Charger_Type"": ""DC"", ""Charger_rating"": ""150 kW"", ""Latitude"": ""-33.81100405"", ""Longitude"": ""150.8495966"", ""LGANAME"": ""Blacktown City Council"", ""PCODE"": ""2766"", ""Source"": ""Existing Fast Chargers""}","{""amenity"": ""charging_station"", ""brand"": ""bp pulse"", ""brand:wikidata"": ""Q39057719"", ""capacity"": ""2"", ""operator"": ""bp pulse"", ""operator:wikidata"": ""Q39057719"", ""socket:type2_combo"": ""2""}",[272521],retained_pending_site_evidence,BP's own location 6795 identifies an Eastern Creek station with actual location.products containing bppulse; its point is 50.26 m from OSM. Existing OCM 272521 calls the venue BP Truckstop.,"The source says 01 Wallgrove Road, whereas BP publishes Lot 558 OLD WALLGROVE ROAD. The official page supports a nearby BP charging venue but does not establish this address alias or the exact bay; do not infer equality from the shared road substring.",False,Retain association; preserve stated uncertainty and all source-level attribute conflicts.,-33.8114,150.850375,84.39819573121164,50.255897490440574,"[{""source_file"": ""data/raw/ev_20251216.csv"", ""locator"": ""source_row=3; complete original 12-column record"", ""url"": ""https://opendata.transport.nsw.gov.au/data/dataset/be1c4de4-4517-4bd0-8a09-2965ddfc7179/resource/7bbb6461-e52d-4fe7-ace4-a15c30198de0/download/ev_20251216.csv"", ""sha256"": ""43970e7751b951ab459a1be7bfd6141756c60ff8aa797debf11c5a597109865a""}, {""source_file"": ""data/raw/osm_chargers.json"", ""locator"": ""node/10590006365"", ""url"": ""https://overpass-api.de/api/interpreter?data=%5Bout%3Ajson%5D%5Btimeout%3A90%5D%3Bnwr%5B%22amenity%22%3D%22charging_station%22%5D%28-37.6%2C140.9%2C-28.0%2C153.7%29%3Bout+center+tags%3B"", ""sha256"": ""92a65d9d9cf64ba4f30c79ed278f4c788acd6206e6db9715f499c352793b994c""}, {""source_file"": ""data/raw/reviewed/final_matching_20260910_bp_3.html"", ""url"": ""https://map.bp.com/en-AU/AU/gas-station/eastern-creek/bp-eastern-creek/6795"", ""sha256"": ""43dd86de1e438dcc7e9d9e8788dfb4a2f899e4bb417b02dfa1025fe3756606e5"", ""locator"": ""script[data-page=app] JSON props.location; locationId=6795""}, {""source_file"": ""data/raw/ocm/OCM-272521.json"", ""locator"": ""ID=272521; AddressInfo and Connections; provider context only"", ""url"": ""https://raw.githubusercontent.com/openchargemap/ocm-export/8e3bedca48ca94807d96b2f5e7ee02cffe63ae54/data/AU/OCM-272521.json"", ""sha256"": ""c6e08868951662d7ddb11d641f49e644a0614d503737cd1fe62d8feac31a651e""}]"
FM02,2026-09-10,AI_assisted_original_evidence_review_not_human_ground_truth,r_41d8e6cbe1784306a79e,7,l_fbcee1e03e94d9ac4c0f,OSM,node/5438383393,66.18492830290896,"1 Bay St, Sydney, 2037",Tesla,-33.88350355,151.1944334,-33.8829291,151.1946269,,"{""OBJECTID"": """", ""Station_name"": """", ""Station_address"": ""1 Bay St, Sydney, 2037"", ""Operator"": ""Tesla"", ""Number_of_plugs"": ""16"", ""Charger_Type"": ""DC"", ""Charger_rating"": ""130 kW"", ""Latitude"": ""-33.88350355"", ""Longitude"": ""151.1944334"", ""LGANAME"": ""Sydney, Council of the City of"", ""PCODE"": ""2037"", ""Source"": ""Existing Fast Chargers""}","{""access"": ""yes"", ""amenity"": ""charging_station"", ""brand"": ""Tesla Supercharger"", ""brand:website"": ""https://www.tesla.com/supercharger"", ""brand:wikidata"": ""Q17089620"", ""brand:wikipedia"": ""en:Tesla Supercharger"", ""capacity"": ""8"", ""description"": ""Tesla Supercharger"", ""fee"": ""yes"", ""frequency"": ""0"", ""motorcar"": ""designated"", ""name"": ""Tesla Supercharger"", ""network"": ""Supercharger"", ""network:website"": ""https://www.tesla.com/supercharger"", ""network:wikidata"": ""Q17089620"", ""opening_hours"": ""24/7"", ""operator"": ""Tesla"", ""operator:wikidata"": ""Q478214"", ""ref:tesla"": ""broadwaynswsupercharger"", ""short_name"": ""Tesla"", ""socket:tesla_supercharger"": ""8"", ""website"": ""https://www.tesla.com/findus/location/supercharger/broadwaynswsupercharger""}",[],site_supported_attributes_unverified,"Broadway's own parking FAQ identifies eight Tesla fast chargers on B2 near the Bay Street exit. Its centre information gives 1 Bay Street, Glebe 2037. This supports the OSM Broadway ref and source venue.","The same FAQ separately describes seven universal chargers. Source 16 plugs, OSM capacity 8, and venue eight Tesla units have different counting scopes; no total is replaced. The floor-plan/bay coordinates are not independently surveyed, and the Tesla request returned 403.",False,Retain association; preserve stated uncertainty and all source-level attribute conflicts.,,,,,"[{""source_file"": ""data/raw/ev_20251216.csv"", ""locator"": ""source_row=7; complete original 12-column record"", ""url"": ""https://opendata.transport.nsw.gov.au/data/dataset/be1c4de4-4517-4bd0-8a09-2965ddfc7179/resource/7bbb6461-e52d-4fe7-ace4-a15c30198de0/download/ev_20251216.csv"", ""sha256"": ""43970e7751b951ab459a1be7bfd6141756c60ff8aa797debf11c5a597109865a""}, {""source_file"": ""data/raw/osm_chargers.json"", ""locator"": ""node/5438383393"", ""url"": ""https://overpass-api.de/api/interpreter?data=%5Bout%3Ajson%5D%5Btimeout%3A90%5D%3Bnwr%5B%22amenity%22%3D%22charging_station%22%5D%28-37.6%2C140.9%2C-28.0%2C153.7%29%3Bout+center+tags%3B"", ""sha256"": ""92a65d9d9cf64ba4f30c79ed278f4c788acd6206e6db9715f499c352793b994c""}, {""source_file"": ""data/raw/reviewed/final_matching_20260910_broadway_7_parking.html"", ""url"": ""https://www.broadwaysydney.com.au/visit/parking"", ""sha256"": ""2c50c7ed2e37a39e1b0ed50982d331fcc9b2f14fc414a6f8e1c800647628b6d7"", ""locator"": ""Electric Vehicle Charging Stations FAQs: location and number of stations""}, {""source_file"": ""data/raw/reviewed/final_matching_20260910_broadway_7_venue.html"", ""url"": ""https://www.broadwaysydney.com.au/visit/centre-info-and-services"", ""sha256"": ""d2f172332e35952d39f73ca782d8a71afe94e4c436b20f55e0b35f3b8ecb4224"", ""locator"": ""centre address: 1 Bay Street, Glebe NSW 2037""}]"
FM03,2026-09-10,AI_assisted_original_evidence_review_not_human_ground_truth,r_2aa223558e07057e448b,138,l_23a134d624929bfd15b1,OSM,node/6656345063,58.58799734686469,"132 Pound Street, Grafton, 2460",NRMA,-29.68846451,152.933015,-29.6881629,152.9335121,,"{""OBJECTID"": """", ""Station_name"": """", ""Station_address"": ""132 Pound Street, Grafton, 2460"", ""Operator"": ""NRMA"", ""Number_of_plugs"": ""2"", ""Charger_Type"": ""DC"", ""Charger_rating"": ""50 kW"", ""Latitude"": ""-29.68846451"", ""Longitude"": ""152.933015"", ""LGANAME"": ""Clarence Valley Council"", ""PCODE"": ""2460"", ""Source"": ""Existing Fast Chargers""}","{""access"": ""yes"", ""amenity"": ""charging_station"", ""authentication:none"": ""yes"", ""capacity"": ""1"", ""charge"": ""$0.66/kWh"", ""covered"": ""yes"", ""description"": ""NRMA Fast Charger"", ""fee"": ""yes"", ""operator"": ""NRMA"", ""operator:wikidata"": ""Q6955173"", ""operator:wikipedia"": ""en:NRMA"", ""output"": ""50 kw"", ""payment:app"": ""yes"", ""socket:chademo"": ""1"", ""socket:chademo:output"": ""50 kW"", ""socket:type2_combo"": ""1"", ""socket:type2_combo:output"": ""50 kW""}",[190393],site_supported_attributes_unverified,The unchanged official NRMA KML has a named Grafton fast-charger point 19.63 m from source and 39.04 m from OSM. OCM 190393 identifies Grafton Public Library on Pound Street.,"The KML is operator context, not a cadastral or socket survey. The old OSM capacity=1 and two cable tags are not a source plug-count contradiction by themselves. No new first-party street-number or hardware evidence was obtained.",False,Retain association; preserve stated uncertainty and all source-level attribute conflicts.,-29.6883743,152.9331895,19.627422771105493,39.03849836378262,"[{""source_file"": ""data/raw/ev_20251216.csv"", ""locator"": ""source_row=138; complete original 12-column record"", ""url"": ""https://opendata.transport.nsw.gov.au/data/dataset/be1c4de4-4517-4bd0-8a09-2965ddfc7179/resource/7bbb6461-e52d-4fe7-ace4-a15c30198de0/download/ev_20251216.csv"", ""sha256"": ""43970e7751b951ab459a1be7bfd6141756c60ff8aa797debf11c5a597109865a""}, {""source_file"": ""data/raw/osm_chargers.json"", ""locator"": ""node/6656345063"", ""url"": ""https://overpass-api.de/api/interpreter?data=%5Bout%3Ajson%5D%5Btimeout%3A90%5D%3Bnwr%5B%22amenity%22%3D%22charging_station%22%5D%28-37.6%2C140.9%2C-28.0%2C153.7%29%3Bout+center+tags%3B"", ""sha256"": ""92a65d9d9cf64ba4f30c79ed278f4c788acd6206e6db9715f499c352793b994c""}, {""source_file"": ""data/raw/ocm/OCM-190393.json"", ""locator"": ""ID=190393; AddressInfo and Connections; provider context only"", ""url"": ""https://raw.githubusercontent.com/openchargemap/ocm-export/8e3bedca48ca94807d96b2f5e7ee02cffe63ae54/data/AU/OCM-190393.json"", ""sha256"": ""647a0c6fe58cb42b54b42a38dc98511f66593be9d40f7a3997c75e8dd206adb7""}, {""source_file"": ""data/raw/nrma_stations.kml"", ""locator"": ""NRMA Fast Charger Grafton"", ""url"": ""https://www.google.com/maps/d/kml?mid=1x7Qs_rCijBa-6hDJITFvBQNDN0lBkzk&forcekml=1"", ""sha256"": ""2f51cd5d52f489657eb9e151cff189251592e7519d6e2ddfff20a2463597546f""}, {""source_file"": ""data/raw/nrma_network.html"", ""locator"": ""published official charging-network map"", ""url"": ""https://www.mynrma.com.au/cars-and-driving/electric-vehicles/charging-network"", ""sha256"": ""21118cbd1fc125861aa914b1e6dd4e4e57f73bfe50f7aef97a9ff495655ca2fe""}]"
FM04,2026-09-10,AI_assisted_original_evidence_review_not_human_ground_truth,r_681c43722a7f3a3851c3,172,l_7e80a277fc27451959f7,OSM,node/11433418128,55.45879341381497,"15 Chancellors Dr, Thrumster , 2444",Tesla,-31.4577518,152.8267908,-31.4573909,152.8271948,,"{""OBJECTID"": """", ""Station_name"": """", ""Station_address"": ""15 Chancellors Dr, Thrumster , 2444"", ""Operator"": ""Tesla"", ""Number_of_plugs"": ""12"", ""Charger_Type"": ""DC"", ""Charger_rating"": ""250 kW"", ""Latitude"": ""-31.4577518"", ""Longitude"": ""152.8267908"", ""LGANAME"": ""Port Macquarie-Hastings Council"", ""PCODE"": ""2444"", ""Source"": ""Existing Fast Chargers""}","{""amenity"": ""charging_station"", ""brand"": ""Tesla Supercharger"", ""brand:wikidata"": ""Q17089620"", ""capacity"": ""12"", ""name"": ""Tesla Supercharger"", ""operator"": ""Tesla"", ""operator:wikidata"": ""Q478214"", ""ref:supercharge_info"": ""7255"", ""short_name"": ""Tesla"", ""socket:type2_combo"": ""12""}",[480398],site_supported_attributes_unverified,"Sovereign Hills' own announcement identifies Tesla Superchargers at Sovereign Place Town Centre and gives 15 Chancellors Drive, postcode 2444.","The announcement states six stalls opened on 21 December 2023; source and OSM report 12. Expansion or counting/time differences are possible, not proved. The historical announcement supports venue identity only and must not overwrite the later observation.",False,Retain association; preserve stated uncertainty and all source-level attribute conflicts.,,,,,"[{""source_file"": ""data/raw/ev_20251216.csv"", ""locator"": ""source_row=172; complete original 12-column record"", ""url"": ""https://opendata.transport.nsw.gov.au/data/dataset/be1c4de4-4517-4bd0-8a09-2965ddfc7179/resource/7bbb6461-e52d-4fe7-ace4-a15c30198de0/download/ev_20251216.csv"", ""sha256"": ""43970e7751b951ab459a1be7bfd6141756c60ff8aa797debf11c5a597109865a""}, {""source_file"": ""data/raw/osm_chargers.json"", ""locator"": ""node/11433418128"", ""url"": ""https://overpass-api.de/api/interpreter?data=%5Bout%3Ajson%5D%5Btimeout%3A90%5D%3Bnwr%5B%22amenity%22%3D%22charging_station%22%5D%28-37.6%2C140.9%2C-28.0%2C153.7%29%3Bout+center+tags%3B"", ""sha256"": ""92a65d9d9cf64ba4f30c79ed278f4c788acd6206e6db9715f499c352793b994c""}, {""source_file"": ""data/raw/reviewed/final_matching_20260910_sovereign_172.html"", ""url"": ""https://www.sovereignhills.com.au/news/sovereign-place-welcomes-tesla-supercharger-site"", ""sha256"": ""0ed1c1ae1699002ec0bbbf679f41cee9ed9e54ff33119980724bf8779ce9b388"", ""locator"": ""Sovereign Place welcomes Tesla Supercharger site; opening 21 December 2023; venue address""}, {""source_file"": ""data/raw/ocm/OCM-480398.json"", ""locator"": ""ID=480398; AddressInfo and Connections; provider context only"", ""url"": ""https://raw.githubusercontent.com/openchargemap/ocm-export/8e3bedca48ca94807d96b2f5e7ee02cffe63ae54/data/AU/OCM-480398.json"", ""sha256"": ""e4fd6c970793f4bde654b22116881992d1a6905db4e182f33e949046f4e0abe5""}]"
FM05,2026-09-10,AI_assisted_original_evidence_review_not_human_ground_truth,r_b7b71536d24d27dbbf44,194,l_c45a8e642136acb713f1,OSM,node/10263943171,52.47195011217507,"15666 Hume Hwy, Marulan, 2579",BP Pulse (AU),-34.71922127,149.9953273,-34.7190997,149.9958809,,"{""OBJECTID"": """", ""Station_name"": """", ""Station_address"": ""15666 Hume Hwy, Marulan, 2579"", ""Operator"": ""BP"", ""Number_of_plugs"": ""2"", ""Charger_Type"": ""DC"", ""Charger_rating"": ""75 kW"", ""Latitude"": ""-34.71922127"", ""Longitude"": ""149.9953273"", ""LGANAME"": ""Goulburn Mulwaree Council"", ""PCODE"": ""2579"", ""Source"": ""Existing Fast Chargers""}","{""amenity"": ""charging_station"", ""brand"": ""BP Pulse"", ""brand:wikidata"": ""Q39057719"", ""operator"": ""BP Pulse"", ""operator:wikidata"": ""Q39057719"", ""socket:chademo"": ""1"", ""socket:type2_combo"": ""1""}",[238126],site_supported_attributes_unverified,"BP station 2330 publishes 15666 HUME HIGHWAY, Marulan North 2579, and bppulse in this station's products. The official point is 28.75 m from source and 78.91 m from OSM; northbound identity distinguishes the other-side station.","BP's petrol-station point is not an exact charging-bay point. Connector model, power and number are not confirmed by the generic bppulse product marker.",False,Retain association; preserve stated uncertainty and all source-level attribute conflicts.,-34.7194,149.9951,28.750979898085152,78.90687365031232,"[{""source_file"": ""data/raw/ev_20251216.csv"", ""locator"": ""source_row=194; complete original 12-column record"", ""url"": ""https://opendata.transport.nsw.gov.au/data/dataset/be1c4de4-4517-4bd0-8a09-2965ddfc7179/resource/7bbb6461-e52d-4fe7-ace4-a15c30198de0/download/ev_20251216.csv"", ""sha256"": ""43970e7751b951ab459a1be7bfd6141756c60ff8aa797debf11c5a597109865a""}, {""source_file"": ""data/raw/osm_chargers.json"", ""locator"": ""node/10263943171"", ""url"": ""https://overpass-api.de/api/interpreter?data=%5Bout%3Ajson%5D%5Btimeout%3A90%5D%3Bnwr%5B%22amenity%22%3D%22charging_station%22%5D%28-37.6%2C140.9%2C-28.0%2C153.7%29%3Bout+center+tags%3B"", ""sha256"": ""92a65d9d9cf64ba4f30c79ed278f4c788acd6206e6db9715f499c352793b994c""}, {""source_file"": ""data/raw/reviewed/final_matching_20260910_bp_194.html"", ""url"": ""https://map.bp.com/en-AU/AU/gas-station/marulan-north/bp-express-marulan-northbound/2330"", ""sha256"": ""287ae8e0799b4f1a0bf2762c5113665c6ba8be57a403d24372ce306b211c351f"", ""locator"": ""script[data-page=app] JSON props.location; locationId=2330; products bppulse""}, {""source_file"": ""data/raw/ocm/OCM-238126.json"", ""locator"": ""ID=238126; AddressInfo and Connections; provider context only"", ""url"": ""https://raw.githubusercontent.com/openchargemap/ocm-export/8e3bedca48ca94807d96b2f5e7ee02cffe63ae54/data/AU/OCM-238126.json"", ""sha256"": ""da6cad781f7f7b93eec0689ca122cb6a907c684bae546ba61bff308216d4d79f""}]"
FM06,2026-09-10,AI_assisted_original_evidence_review_not_human_ground_truth,r_7516435bb8f765735fd6,289,l_3059ea9a3ffa0b504815,OSM,node/12015928951,72.03129560556029,"2 Stewart St, Lithgow, 2790",Evie,-33.48184889,150.1361812,-33.4812016,150.1362442,,"{""OBJECTID"": """", ""Station_name"": """", ""Station_address"": ""2 Stewart St, Lithgow, 2790"", ""Operator"": ""Evie"", ""Number_of_plugs"": ""4"", ""Charger_Type"": ""DC"", ""Charger_rating"": ""150 kW"", ""Latitude"": ""-33.48184889"", ""Longitude"": ""150.1361812"", ""LGANAME"": ""Lithgow Council, City of"", ""PCODE"": ""2790"", ""Source"": ""Existing Fast Chargers""}","{""access"": ""yes"", ""amenity"": ""charging_station"", ""covered"": ""no"", ""fee"": ""yes"", ""operator"": ""Evie Networks"", ""operator:wikidata"": ""Q105795220"", ""socket:chademo"": ""2"", ""socket:chademo:output"": ""63kW"", ""socket:type2_combo"": ""2"", ""socket:type2_combo:output"": ""150kW""}",[],site_supported_attributes_unverified,Evie's complete public response entry 5904 names Hungry Jacks Lithgow at 2 Stewart Street. Its operator point matches the source to 0.06 m of numeric rounding and is 71.98 m from OSM. HS013A/B each list CHAdeMO 63 kW and CCS2 150 kW.,The current operator uses Bowenfels 2790 while the source uses Lithgow 2790; this individually observed venue context is not a general locality alias. The OSM pin remains displaced. Current prices/status are not evidence of December 2025 values.,False,Retain association; preserve stated uncertainty and all source-level attribute conflicts.,-33.4818484,150.1361811,0.05513639455007163,71.97788488588616,"[{""source_file"": ""data/raw/ev_20251216.csv"", ""locator"": ""source_row=289; complete original 12-column record"", ""url"": ""https://opendata.transport.nsw.gov.au/data/dataset/be1c4de4-4517-4bd0-8a09-2965ddfc7179/resource/7bbb6461-e52d-4fe7-ace4-a15c30198de0/download/ev_20251216.csv"", ""sha256"": ""43970e7751b951ab459a1be7bfd6141756c60ff8aa797debf11c5a597109865a""}, {""source_file"": ""data/raw/osm_chargers.json"", ""locator"": ""node/12015928951"", ""url"": ""https://overpass-api.de/api/interpreter?data=%5Bout%3Ajson%5D%5Btimeout%3A90%5D%3Bnwr%5B%22amenity%22%3D%22charging_station%22%5D%28-37.6%2C140.9%2C-28.0%2C153.7%29%3Bout+center+tags%3B"", ""sha256"": ""92a65d9d9cf64ba4f30c79ed278f4c788acd6206e6db9715f499c352793b994c""}, {""source_file"": ""data/raw/reviewed/final_matching_20260910_evie_289.json"", ""url"": ""https://evie.com.au/wp-admin/admin-ajax.php?action=store_search&lat=-33.48184889&lng=150.1361812&max_results=50&search_radius=5"", ""sha256"": ""fcedcf6877ad837e7021d2b573eafcd2c136a701308567c73208862fdf4ba97d"", ""locator"": ""complete JSON response; id=5904; address, lat/lng, evie_chargers HS013A/HS013B""}, {""source_file"": ""data/raw/reviewed/matching_evie_find_a_charger.html"", ""locator"": ""published wpslSettings.ajaxurl"", ""url"": ""https://evie.com.au/find-a-charger/"", ""sha256"": ""54f4033ea24ad8ac1e5f653b42bf843028d031083fc97a16820558f57415a85a""}, {""source_file"": ""data/raw/reviewed/matching_evie_locator_script.js"", ""locator"": ""public GET action=store_search"", ""url"": ""https://evie.com.au/wp-content/plugins/wp-store-locator/js/wpsl-gmap.min.js?ver=2.3.23"", ""sha256"": ""ffc09489dc1b6bce9ccca772e6516ac1d2c01d428846aa17db43d228671a5270""}]"
FM07,2026-09-10,AI_assisted_original_evidence_review_not_human_ground_truth,r_cf43c5a129de64bbcfe6,344,l_f9ba087aa70daec660fd,OSM,node/6816990777,84.8946993509153,"2285 Pacific Hwy, Heatherbrae, 2324",Tesla,-32.78729434,151.7283534,-32.7878111,151.7276848,,"{""OBJECTID"": """", ""Station_name"": """", ""Station_address"": ""2285 Pacific Hwy, Heatherbrae, 2324"", ""Operator"": ""Tesla"", ""Number_of_plugs"": ""12"", ""Charger_Type"": ""DC"", ""Charger_rating"": ""130 kW"", ""Latitude"": ""-32.78729434"", ""Longitude"": ""151.7283534"", ""LGANAME"": ""Port Stephens Council"", ""PCODE"": ""2324"", ""Source"": ""Existing Fast Chargers""}","{""access"": ""yes"", ""amenity"": ""charging_station"", ""brand"": ""Tesla Supercharger"", ""brand:website"": ""https://www.tesla.com/supercharger"", ""brand:wikidata"": ""Q17089620"", ""brand:wikipedia"": ""en:Tesla Supercharger"", ""capacity"": ""6"", ""description"": ""Heatherbrae Supercharger"", ""fee"": ""yes"", ""frequency"": ""0"", ""motorcar"": ""designated"", ""name"": ""Tesla Supercharger"", ""network"": ""Supercharger"", ""network:website"": ""https://www.tesla.com/supercharger"", ""network:wikidata"": ""Q17089620"", ""opening_hours"": ""24/7"", ""operator"": ""Tesla"", ""operator:wikidata"": ""Q478214"", ""ref:supercharge_info"": ""957"", ""ref:tesla"": ""heatherbraesupercharger"", ""short_name"": ""Tesla"", ""socket:tesla_supercharger"": ""6"", ""socket:tesla_supercharger:output"": ""120 kW"", ""socket:tesla_supercharger_ccs"": ""6"", ""socket:tesla_supercharger_ccs:output"": ""120 kW"", ""website"": ""https://www.tesla.com/findus/location/supercharger/heatherbraesupercharger""}",[79490],retained_pending_site_evidence,"OSM has the specific Tesla heatherbraesupercharger ref, and OCM 79490 names Heatherbrae Supercharger at 2285 Pacific Highway. The venue's own page places Heatherbrae's Pies at the Pacific Highway/Masonite Road corner.","The archived venue page does not explicitly identify Tesla chargers, so it does not independently prove the association. Tesla's original page returned 403. Twelve source plugs and OSM six stalls with two cable tags must not be added or equated without a counting definition.",False,Retain association; preserve stated uncertainty and all source-level attribute conflicts.,,,,,"[{""source_file"": ""data/raw/ev_20251216.csv"", ""locator"": ""source_row=344; complete original 12-column record"", ""url"": ""https://opendata.transport.nsw.gov.au/data/dataset/be1c4de4-4517-4bd0-8a09-2965ddfc7179/resource/7bbb6461-e52d-4fe7-ace4-a15c30198de0/download/ev_20251216.csv"", ""sha256"": ""43970e7751b951ab459a1be7bfd6141756c60ff8aa797debf11c5a597109865a""}, {""source_file"": ""data/raw/osm_chargers.json"", ""locator"": ""node/6816990777"", ""url"": ""https://overpass-api.de/api/interpreter?data=%5Bout%3Ajson%5D%5Btimeout%3A90%5D%3Bnwr%5B%22amenity%22%3D%22charging_station%22%5D%28-37.6%2C140.9%2C-28.0%2C153.7%29%3Bout+center+tags%3B"", ""sha256"": ""92a65d9d9cf64ba4f30c79ed278f4c788acd6206e6db9715f499c352793b994c""}, {""source_file"": ""data/raw/reviewed/final_matching_20260910_heatherbrae_344.html"", ""url"": ""https://www.heatherbraespies.com.au/heatherbrae/"", ""sha256"": ""264d5688d10a87bdf2a88f1b038e6c7353ee2acc733484addfcf2461bbed160f"", ""locator"": ""Our location / Pacific Highway and Masonite Road; no charger-specific statement identified""}, {""source_file"": ""data/raw/ocm/OCM-79490.json"", ""locator"": ""ID=79490; AddressInfo and Connections; provider context only"", ""url"": ""https://raw.githubusercontent.com/openchargemap/ocm-export/8e3bedca48ca94807d96b2f5e7ee02cffe63ae54/data/AU/OCM-79490.json"", ""sha256"": ""3b5117414af076d7bc927854f6f22cf9d450cadb932af0b41b77e255188703fe""}]"
FM08,2026-09-10,AI_assisted_original_evidence_review_not_human_ground_truth,r_54984b72f9c24952867a,422,l_1578877fcbf36c589211,OSM,node/12284563526,54.89541889470797,"3 Corkhill Pl, Bega, 2550",Chargefox,-36.6972593,149.8418629,-36.6968576,149.8415044,,"{""OBJECTID"": """", ""Station_name"": """", ""Station_address"": ""3 Corkhill Pl, Bega, 2550"", ""Operator"": ""Chargefox"", ""Number_of_plugs"": ""2"", ""Charger_Type"": ""DC"", ""Charger_rating"": ""42 kW"", ""Latitude"": ""-36.6972593"", ""Longitude"": ""149.8418629"", ""LGANAME"": ""Bega Valley Shire Council"", ""PCODE"": ""2550"", ""Source"": ""Existing Fast Chargers""}","{""amenity"": ""charging_station"", ""fee"": ""yes"", ""operator"": ""Chargefox"", ""operator:wikidata"": ""Q105775824"", ""socket:type2_combo"": ""2""}",[],retained_pending_site_evidence,"Old Bega Hospital's own location page identifies its reserve at 3 Corkhill Place, Bega 2550, with cadastral parcel Lot 296 DP728021. This identifies the source venue.",This page does not identify Chargefox or a DC charger. OSM has no address or station-specific name and only two CCS2 tags. The 54.90 m same-operator association remains unverified at charger/site level; no contrary charger identity was established.,False,Retain association; preserve stated uncertainty and all source-level attribute conflicts.,,,,,"[{""source_file"": ""data/raw/ev_20251216.csv"", ""locator"": ""source_row=422; complete original 12-column record"", ""url"": ""https://opendata.transport.nsw.gov.au/data/dataset/be1c4de4-4517-4bd0-8a09-2965ddfc7179/resource/7bbb6461-e52d-4fe7-ace4-a15c30198de0/download/ev_20251216.csv"", ""sha256"": ""43970e7751b951ab459a1be7bfd6141756c60ff8aa797debf11c5a597109865a""}, {""source_file"": ""data/raw/osm_chargers.json"", ""locator"": ""node/12284563526"", ""url"": ""https://overpass-api.de/api/interpreter?data=%5Bout%3Ajson%5D%5Btimeout%3A90%5D%3Bnwr%5B%22amenity%22%3D%22charging_station%22%5D%28-37.6%2C140.9%2C-28.0%2C153.7%29%3Bout+center+tags%3B"", ""sha256"": ""92a65d9d9cf64ba4f30c79ed278f4c788acd6206e6db9715f499c352793b994c""}, {""source_file"": ""data/raw/reviewed/final_matching_20260910_bega_422_location.html"", ""url"": ""https://obh.org.au/Hospital/location.htm"", ""sha256"": ""84d57011e8723f1864b397fecdab298e5fba81ba63c5acb6136733bc8e372a7f"", ""locator"": ""Old Bega Hospital - Location; 3 Corkhill Place and Lot 296 DP728021""}]"
FM09,2026-09-10,AI_assisted_original_evidence_review_not_human_ground_truth,r_85e6119c00db7a24c9f7,452,l_38a3d4faaa538c64c4f2,OSM,node/12990581486,63.47127033710481,"316 Victoria Rd, Sydney, 2116",Exploren,-33.81024029,151.0342402,-33.8107876,151.0344403,,"{""OBJECTID"": """", ""Station_name"": """", ""Station_address"": ""316 Victoria Rd, Sydney, 2116"", ""Operator"": ""Exploren"", ""Number_of_plugs"": ""2"", ""Charger_Type"": ""DC"", ""Charger_rating"": ""120 kW"", ""Latitude"": ""-33.81024029"", ""Longitude"": ""151.0342402"", ""LGANAME"": ""Parramatta, Council of the City of"", ""PCODE"": ""2116"", ""Source"": ""Existing Fast Chargers""}","{""amenity"": ""charging_station"", ""capacity"": ""2"", ""check_date"": ""2026-05-21"", ""check_date:opening_hours"": ""2026-05-21"", ""fee"": ""yes"", ""opening_hours"": ""24/7"", ""operator"": ""Exploren"", ""operator:wikidata"": ""Q130278349"", ""socket:type2_combo"": ""2"", ""socket:type2_combo:output"": ""120""}",[],site_supported_attributes_unverified,"Exploren's complete published map has location_id 1847, Bunnings Rydalmere, at the source point. Its public detail response gives 316 Victoria Road, chargers 4923 and 4924, both DC 120 kW, and a location left of the store entrance by Victoria Road.","This is strong venue context for the 63.47 m OSM association, not proof that the OSM coordinate is a surveyed bay. Current device IDs and ratings are retained in review evidence without rewriting source values.",False,Retain association; preserve stated uncertainty and all source-level attribute conflicts.,-33.81024,151.03424,0.03711600395184782,63.50744185501919,"[{""source_file"": ""data/raw/ev_20251216.csv"", ""locator"": ""source_row=452; complete original 12-column record"", ""url"": ""https://opendata.transport.nsw.gov.au/data/dataset/be1c4de4-4517-4bd0-8a09-2965ddfc7179/resource/7bbb6461-e52d-4fe7-ace4-a15c30198de0/download/ev_20251216.csv"", ""sha256"": ""43970e7751b951ab459a1be7bfd6141756c60ff8aa797debf11c5a597109865a""}, {""source_file"": ""data/raw/osm_chargers.json"", ""locator"": ""node/12990581486"", ""url"": ""https://overpass-api.de/api/interpreter?data=%5Bout%3Ajson%5D%5Btimeout%3A90%5D%3Bnwr%5B%22amenity%22%3D%22charging_station%22%5D%28-37.6%2C140.9%2C-28.0%2C153.7%29%3Bout+center+tags%3B"", ""sha256"": ""92a65d9d9cf64ba4f30c79ed278f4c788acd6206e6db9715f499c352793b994c""}, {""source_file"": ""data/raw/reviewed/final_matching_20260910_exploren_current_map.html"", ""url"": ""https://exploren.com.au/find-a-charger/"", ""sha256"": ""fca3d1a3c50a0e904d0439bf7e60e3db07fc4ffe07fce54217c418f2fb9780cd"", ""locator"": ""public locations entry location_id=1847; public detail action/nonce""}, {""source_file"": ""data/raw/reviewed/final_matching_20260910_exploren_452_published_detail.json"", ""url"": ""https://exploren.com.au/wp-admin/admin-ajax.php"", ""sha256"": ""2931638fd8012a6930c53103396633d62886ad3b238c359ed847c2f16d7e616e"", ""locator"": ""success=true; Bunnings Rydalmere; address; chargers #4923/#4924; operational location text""}]"
FM10,2026-09-10,AI_assisted_original_evidence_review_not_human_ground_truth,r_390030bcf0b1a43ee5af,483,l_a571645e8251a1425054,OSM,way/762728901,87.76223378927617,"3483 Jerrys Plains Rd, Jerrys Plains, 2330",Tesla,-32.44806211,150.8316627,-32.4474443,150.832246,,"{""OBJECTID"": """", ""Station_name"": """", ""Station_address"": ""3483 Jerrys Plains Rd, Jerrys Plains, 2330"", ""Operator"": ""Tesla"", ""Number_of_plugs"": ""12"", ""Charger_Type"": ""DC"", ""Charger_rating"": ""130 kW"", ""Latitude"": ""-32.44806211"", ""Longitude"": ""150.8316627"", ""LGANAME"": ""Muswellbrook Shire Council"", ""PCODE"": ""2330"", ""Source"": ""Existing Fast Chargers""}","{""access"": ""yes"", ""amenity"": ""charging_station"", ""area"": ""yes"", ""brand"": ""Tesla Supercharger"", ""brand:website"": ""https://www.tesla.com/supercharger"", ""brand:wikidata"": ""Q17089620"", ""brand:wikipedia"": ""en:Tesla Supercharger"", ""capacity"": ""6"", ""description"": ""Hollydene Supercharger"", ""fee"": ""yes"", ""frequency"": ""0"", ""motorcar"": ""designated"", ""name"": ""Tesla Supercharger"", ""network"": ""Supercharger"", ""network:website"": ""https://www.tesla.com/supercharger"", ""network:wikidata"": ""Q17089620"", ""opening_hours"": ""24/7"", ""operator"": ""Tesla"", ""operator:wikidata"": ""Q478214"", ""ref:tesla"": ""singletonnswsupercharger"", ""short_name"": ""Tesla"", ""socket:tesla_supercharger"": ""6"", ""socket:tesla_supercharger:output"": ""120 kW"", ""website"": ""https://www.tesla.com/findus/location/supercharger/singletonnswsupercharger""}",[129982],retained_pending_site_evidence,"OSM explicitly describes Hollydene Supercharger with singletonnswsupercharger ref; OCM 129982 calls the venue Hollydene and gives 3483 Golden Highway. The Hunter Valley tourism organisation's original listing names Tesla supercharging and 3483 Golden Highway, Jerrys Plains.","The tourism listing is first-published regional tourism context, not a Tesla or venue-owner equipment statement. The source uses 3483 Jerrys Plains Road; this road-name alias has not been independently established. The Tesla original returned 403; physical bay and old six-stall/twelve-cable scope remain unverified.",False,Retain association; preserve stated uncertainty and all source-level attribute conflicts.,,,,,"[{""source_file"": ""data/raw/ev_20251216.csv"", ""locator"": ""source_row=483; complete original 12-column record"", ""url"": ""https://opendata.transport.nsw.gov.au/data/dataset/be1c4de4-4517-4bd0-8a09-2965ddfc7179/resource/7bbb6461-e52d-4fe7-ace4-a15c30198de0/download/ev_20251216.csv"", ""sha256"": ""43970e7751b951ab459a1be7bfd6141756c60ff8aa797debf11c5a597109865a""}, {""source_file"": ""data/raw/osm_chargers.json"", ""locator"": ""way/762728901"", ""url"": ""https://overpass-api.de/api/interpreter?data=%5Bout%3Ajson%5D%5Btimeout%3A90%5D%3Bnwr%5B%22amenity%22%3D%22charging_station%22%5D%28-37.6%2C140.9%2C-28.0%2C153.7%29%3Bout+center+tags%3B"", ""sha256"": ""92a65d9d9cf64ba4f30c79ed278f4c788acd6206e6db9715f499c352793b994c""}, {""source_file"": ""data/raw/reviewed/final_matching_20260910_hollydene_483.html"", ""url"": ""https://www.winecountry.com.au/hollydene-estate"", ""sha256"": ""8d898173821d7b92d534bc75bc66c497e6d08f4012edaae8bff23463623283fe"", ""locator"": ""Hollydene Estate amenities Tesla supercharging station; address 3483 Golden Hwy""}, {""source_file"": ""data/raw/ocm/OCM-129982.json"", ""locator"": ""ID=129982; AddressInfo and Connections; provider context only"", ""url"": ""https://raw.githubusercontent.com/openchargemap/ocm-export/8e3bedca48ca94807d96b2f5e7ee02cffe63ae54/data/AU/OCM-129982.json"", ""sha256"": ""f051bd0fa9c465da9c68edbdc4661482fbda4586ab92e16acb7ded1d1b1521c2""}]"
FM11,2026-09-10,AI_assisted_original_evidence_review_not_human_ground_truth,r_2f06d991990d90a7f810,501,l_9a08a433ebb3419ee5eb,OSM,node/13020827820,59.83726007937778,"375-383 Windsor Rd, Sydney, 2153",Tesla,-33.75869074,150.9914705,-33.7586057,150.9921083,,"{""OBJECTID"": """", ""Station_name"": """", ""Station_address"": ""375-383 Windsor Rd, Sydney, 2153"", ""Operator"": ""Tesla"", ""Number_of_plugs"": ""4"", ""Charger_Type"": ""DC"", ""Charger_rating"": ""250 kW"", ""Latitude"": ""-33.75869074"", ""Longitude"": ""150.9914705"", ""LGANAME"": ""The Hills Shire Council"", ""PCODE"": ""2153"", ""Source"": ""Existing Fast Chargers""}","{""access"": ""yes"", ""amenity"": ""charging_station"", ""brand"": ""Tesla Supercharger"", ""brand:website"": ""https://www.tesla.com/supercharger"", ""brand:wikidata"": ""Q17089620"", ""capacity"": ""4"", ""fee"": ""yes"", ""frequency"": ""0"", ""motorcar"": ""designated"", ""name"": ""Tesla Supercharger"", ""network"": ""Supercharger"", ""network:website"": ""https://www.tesla.com/supercharger"", ""network:wikidata"": ""Q17089620"", ""opening_hours"": ""24/7"", ""operator"": ""Tesla"", ""operator:wikidata"": ""Q478214"", ""ref:supercharge_info"": ""9431"", ""ref:tesla"": ""42020"", ""socket:type2_combo"": ""4"", ""website"": ""https://www.tesla.com/findus/location/supercharger/42020""}",[],site_supported_attributes_unverified,"Grove Square's own site gives 375-383 Windsor Road and describes four Tesla 250 kW chargers on the ground level near the Old Northern Road exit, supporting the source and OSM capacity/ref context.",The notice says available from 1 September without a year and that old chargers will be removed. This is a dated retrieval of a potentially changing installation; it cannot certify the December 2025 device configuration or unchanged bay. Tesla original returned 403.,False,Retain association; preserve stated uncertainty and all source-level attribute conflicts.,,,,,"[{""source_file"": ""data/raw/ev_20251216.csv"", ""locator"": ""source_row=501; complete original 12-column record"", ""url"": ""https://opendata.transport.nsw.gov.au/data/dataset/be1c4de4-4517-4bd0-8a09-2965ddfc7179/resource/7bbb6461-e52d-4fe7-ace4-a15c30198de0/download/ev_20251216.csv"", ""sha256"": ""43970e7751b951ab459a1be7bfd6141756c60ff8aa797debf11c5a597109865a""}, {""source_file"": ""data/raw/osm_chargers.json"", ""locator"": ""node/13020827820"", ""url"": ""https://overpass-api.de/api/interpreter?data=%5Bout%3Ajson%5D%5Btimeout%3A90%5D%3Bnwr%5B%22amenity%22%3D%22charging_station%22%5D%28-37.6%2C140.9%2C-28.0%2C153.7%29%3Bout+center+tags%3B"", ""sha256"": ""92a65d9d9cf64ba4f30c79ed278f4c788acd6206e6db9715f499c352793b994c""}, {""source_file"": ""data/raw/reviewed/final_matching_20260910_grove_501.html"", ""url"": ""https://grovesquare.com.au/"", ""sha256"": ""75ad3c65309f589d2216b7c5513d393ed7e830c9a1a3c120540ed3062173b636"", ""locator"": ""Centre Information: NEW TESLA SUPERCHARGES Quick Guide; footer address""}]"
FM12,2026-09-10,AI_assisted_original_evidence_review_not_human_ground_truth,r_531a8cdb6b482f190a0d,613,l_0e7182202acba8dfe173,OSM,node/7370327570,93.22504482221164,"53A Orient St, Batemans Bay, 2536",Evie,-35.71073278,150.1776366,-35.7099111,150.1774214,,"{""OBJECTID"": """", ""Station_name"": """", ""Station_address"": ""53A Orient St, Batemans Bay, 2536"", ""Operator"": ""Evie"", ""Number_of_plugs"": ""2"", ""Charger_Type"": ""DC"", ""Charger_rating"": ""50 kW"", ""Latitude"": ""-35.71073278"", ""Longitude"": ""150.1776366"", ""LGANAME"": ""Eurobodalla Shire Council"", ""PCODE"": ""2536"", ""Source"": ""Existing Fast Chargers""}","{""amenity"": ""charging_station"", ""authentication:app"": ""yes"", ""capacity"": ""1"", ""charging_station:output"": ""50 kW"", ""description"": ""Dan Murphy's Charging Station"", ""fee"": ""no"", ""network"": ""Evie Networks"", ""operator"": ""Evie Networks"", ""operator:wikidata"": ""Q105795220"", ""socket:type2_combo"": ""2"", ""socket:type2_combo:output"": ""50 kW""}",[190706],site_supported_attributes_unverified,"Evie entry 7643 explicitly identifies Dan Murphy's Batemans Bay at 51/53A Orient St, linking the source 53A and OCM 190706 51 address variants. It lists MS193A with two CCS2 50 kW connectors; the point is 20.48 m from source and 74.98 m from OSM.","The response also includes the separate Village Centre site 6798 at 1 Perry Street; that is not substituted. Current Evie price 0.77/kWh differs from old OSM fee=no, which is a dated attribute conflict, not proof of wrong venue. Source and external pins are unchanged.",False,Retain association; preserve stated uncertainty and all source-level attribute conflicts.,-35.7105835579,150.17750331,20.48436618899852,74.97892746843138,"[{""source_file"": ""data/raw/ev_20251216.csv"", ""locator"": ""source_row=613; complete original 12-column record"", ""url"": ""https://opendata.transport.nsw.gov.au/data/dataset/be1c4de4-4517-4bd0-8a09-2965ddfc7179/resource/7bbb6461-e52d-4fe7-ace4-a15c30198de0/download/ev_20251216.csv"", ""sha256"": ""43970e7751b951ab459a1be7bfd6141756c60ff8aa797debf11c5a597109865a""}, {""source_file"": ""data/raw/osm_chargers.json"", ""locator"": ""node/7370327570"", ""url"": ""https://overpass-api.de/api/interpreter?data=%5Bout%3Ajson%5D%5Btimeout%3A90%5D%3Bnwr%5B%22amenity%22%3D%22charging_station%22%5D%28-37.6%2C140.9%2C-28.0%2C153.7%29%3Bout+center+tags%3B"", ""sha256"": ""92a65d9d9cf64ba4f30c79ed278f4c788acd6206e6db9715f499c352793b994c""}, {""source_file"": ""data/raw/reviewed/final_matching_20260910_evie_613.json"", ""url"": ""https://evie.com.au/wp-admin/admin-ajax.php?action=store_search&lat=-35.71073278&lng=150.1776366&max_results=50&search_radius=5"", ""sha256"": ""8ce431a5f05f7ff8d0db0dc2d120c4844372eee6f60e81b429fecd2bfb5a719a"", ""locator"": ""complete JSON response; id=7643 (not 6798); address 51/53A Orient St; MS193A""}, {""source_file"": ""data/raw/ocm/OCM-190706.json"", ""locator"": ""ID=190706; AddressInfo and Connections; provider context only"", ""url"": ""https://raw.githubusercontent.com/openchargemap/ocm-export/8e3bedca48ca94807d96b2f5e7ee02cffe63ae54/data/AU/OCM-190706.json"", ""sha256"": ""e65f2f07b02805494b47f2005d7d51541d1652506cdafc6a2bb9dbfdd2d9dd03""}, {""source_file"": ""data/raw/reviewed/matching_evie_find_a_charger.html"", ""locator"": ""published wpslSettings.ajaxurl"", ""url"": ""https://evie.com.au/find-a-charger/"", ""sha256"": ""54f4033ea24ad8ac1e5f653b42bf843028d031083fc97a16820558f57415a85a""}, {""source_file"": ""data/raw/reviewed/matching_evie_locator_script.js"", ""locator"": ""public GET action=store_search"", ""url"": ""https://evie.com.au/wp-content/plugins/wp-store-locator/js/wpsl-gmap.min.js?ver=2.3.23"", ""sha256"": ""ffc09489dc1b6bce9ccca772e6516ac1d2c01d428846aa17db43d228671a5270""}]"
FM13,2026-09-10,AI_assisted_original_evidence_review_not_human_ground_truth,r_ca4695297ed5ae3c96a8,639,l_cdc4faf3cb83a0c69e07,OSM,node/9467315676,54.30797552893188,"580 Princes Hwy, Sydney, 2232",Tesla,-34.03339744,151.0731502,-34.0338237,151.0734395,,"{""OBJECTID"": """", ""Station_name"": """", ""Station_address"": ""580 Princes Hwy, Sydney, 2232"", ""Operator"": ""Tesla"", ""Number_of_plugs"": ""6"", ""Charger_Type"": ""DC"", ""Charger_rating"": ""250 kW"", ""Latitude"": ""-34.03339744"", ""Longitude"": ""151.0731502"", ""LGANAME"": ""Sutherland Shire Council"", ""PCODE"": ""2232"", ""Source"": ""Existing Fast Chargers""}","{""access"": ""yes"", ""amenity"": ""charging_station"", ""brand"": ""Tesla Supercharger"", ""brand:website"": ""https://www.tesla.com/supercharger"", ""brand:wikidata"": ""Q17089620"", ""brand:wikipedia"": ""en:Tesla Supercharger"", ""capacity"": ""6"", ""description"": ""Tesla Supercharger"", ""fee"": ""yes"", ""frequency"": ""0"", ""motorcar"": ""designated"", ""name"": ""Tesla Supercharger"", ""network"": ""Supercharger"", ""network:website"": ""https://www.tesla.com/supercharger"", ""network:wikidata"": ""Q17089620"", ""opening_hours"": ""24/7"", ""operator"": ""Tesla"", ""operator:wikidata"": ""Q478214"", ""operator:wikipedia"": ""en:Tesla, Inc."", ""ref:tesla"": ""kirraweesupercharger"", ""short_name"": ""Tesla"", ""socket:tesla_supercharger"": ""6"", ""website"": ""https://www.tesla.com/findus/location/supercharger/kirraweesupercharger""}",[191280],retained_pending_site_evidence,"OSM has Tesla kirraweesupercharger ref and six stalls. Existing OCM 191280 identifies South Village on Princes Highway, providing nearby contextual support for the source's 580 Princes Highway.","No complete first-party charger/venue original was obtained for this association in the bounded review; Tesla returned 403. OCM is a second provider, not independent ground truth. Its nearby location does not certify the OSM pin or device group.",False,Retain association; preserve stated uncertainty and all source-level attribute conflicts.,,,,,"[{""source_file"": ""data/raw/ev_20251216.csv"", ""locator"": ""source_row=639; complete original 12-column record"", ""url"": ""https://opendata.transport.nsw.gov.au/data/dataset/be1c4de4-4517-4bd0-8a09-2965ddfc7179/resource/7bbb6461-e52d-4fe7-ace4-a15c30198de0/download/ev_20251216.csv"", ""sha256"": ""43970e7751b951ab459a1be7bfd6141756c60ff8aa797debf11c5a597109865a""}, {""source_file"": ""data/raw/osm_chargers.json"", ""locator"": ""node/9467315676"", ""url"": ""https://overpass-api.de/api/interpreter?data=%5Bout%3Ajson%5D%5Btimeout%3A90%5D%3Bnwr%5B%22amenity%22%3D%22charging_station%22%5D%28-37.6%2C140.9%2C-28.0%2C153.7%29%3Bout+center+tags%3B"", ""sha256"": ""92a65d9d9cf64ba4f30c79ed278f4c788acd6206e6db9715f499c352793b994c""}, {""source_file"": ""data/raw/ocm/OCM-191280.json"", ""locator"": ""ID=191280; AddressInfo and Connections; provider context only"", ""url"": ""https://raw.githubusercontent.com/openchargemap/ocm-export/8e3bedca48ca94807d96b2f5e7ee02cffe63ae54/data/AU/OCM-191280.json"", ""sha256"": ""b6095fa43c00a36644a5451c0655baf31cd0093e9d55e692987506276cb28a27""}]"
FM14,2026-09-10,AI_assisted_original_evidence_review_not_human_ground_truth,r_43dc33a48ec2827abc63,681,l_aaafc1dfb20d75e3b81f,OSM,node/11129535113,94.29535714886212,"69-71 Central Coast Hwy, Gosford West, NSW, 2250",Ampol AmpCharge,-33.4267831,151.321995,-33.4275068,151.3214629,,"{""OBJECTID"": """", ""Station_name"": """", ""Station_address"": ""69-71 Central Coast Hwy, Gosford West, NSW, 2250"", ""Operator"": ""Ampol"", ""Number_of_plugs"": ""2"", ""Charger_Type"": ""DC"", ""Charger_rating"": ""125 kW"", ""Latitude"": ""-33.4267831"", ""Longitude"": ""151.321995"", ""LGANAME"": ""Central Coast Council"", ""PCODE"": ""2250"", ""Source"": ""ARENA - Driving the Nation""}","{""access"": ""yes"", ""amenity"": ""charging_station"", ""fee"": ""yes"", ""operator"": ""AmpCharge"", ""operator:wikidata"": ""Q111744561"", ""socket:chademo"": ""1"", ""socket:type2_combo"": ""1""}",[],site_supported_attributes_unverified,"The previously archived Ampol Foodary Gosford West EASTBOUND page identifies 69-71 Central Coast Highway, postcode 2250, AmpCharge and a point 17.75 m from OSM. This supplies the missing OSM address context.",This reuses the completed 9 September review; no duplicated research or new resolution is claimed. Eastbound and opposite-side westbound sites are not interchangeable. Point and historical attributes remain independently qualified.,False,Retain association; preserve stated uncertainty and all source-level attribute conflicts.,,,,,"[{""source_file"": ""data/raw/ev_20251216.csv"", ""locator"": ""source_row=681; complete original 12-column record"", ""url"": ""https://opendata.transport.nsw.gov.au/data/dataset/be1c4de4-4517-4bd0-8a09-2965ddfc7179/resource/7bbb6461-e52d-4fe7-ace4-a15c30198de0/download/ev_20251216.csv"", ""sha256"": ""43970e7751b951ab459a1be7bfd6141756c60ff8aa797debf11c5a597109865a""}, {""source_file"": ""data/raw/osm_chargers.json"", ""locator"": ""node/11129535113"", ""url"": ""https://overpass-api.de/api/interpreter?data=%5Bout%3Ajson%5D%5Btimeout%3A90%5D%3Bnwr%5B%22amenity%22%3D%22charging_station%22%5D%28-37.6%2C140.9%2C-28.0%2C153.7%29%3Bout+center+tags%3B"", ""sha256"": ""92a65d9d9cf64ba4f30c79ed278f4c788acd6206e6db9715f499c352793b994c""}, {""source_file"": ""data/raw/reviewed/matching_ampol_gosford_eastbound.html"", ""locator"": ""LocalBusiness JSON-LD; exact source street/corner; AmpCharge EV charging"", ""url"": ""https://locations.ampol.com.au/en/ampol-foodary-gosford-west-eastbound"", ""sha256"": ""95f70817916c7a4a05adfa24284b66d22859250dcdb7c6f9dd6a0dcfd9a6761f""}]"
FM15,2026-09-10,AI_assisted_original_evidence_review_not_human_ground_truth,r_05032d2862c49d60bde6,709,l_8dd4f9550e32b973cda3,OSM,node/8253300980,95.6997757471208,"77 Darling St, Cowra, 2794",NRMA,-33.83451056,148.6935365,-33.8340931,148.6944413,,"{""OBJECTID"": """", ""Station_name"": """", ""Station_address"": ""77 Darling St, Cowra, 2794"", ""Operator"": ""NRMA"", ""Number_of_plugs"": ""2"", ""Charger_Type"": ""DC"", ""Charger_rating"": ""50 kW"", ""Latitude"": ""-33.83451056"", ""Longitude"": ""148.6935365"", ""LGANAME"": ""Cowra Shire Council"", ""PCODE"": ""2794"", ""Source"": ""Existing Fast Chargers""}","{""amenity"": ""charging_station"", ""description"": ""NRMA Fast Charger"", ""fee"": ""no"", ""motorcar"": ""yes"", ""opening_hours"": ""24/7"", ""operator"": ""NRMA"", ""operator:wikidata"": ""Q6955173"", ""operator:wikipedia"": ""en:NRMA"", ""socket:chademo"": ""1"", ""socket:chademo:output"": ""50kW"", ""socket:type1_combo"": ""1"", ""socket:type1_combo:output"": ""50kW""}",[156010],site_supported_connector_conflict_retained,"NRMA KML names Cowra and is 6.60 m from OSM; OCM 156010 names Cowra Regional Art Gallery, 77 Darling Street. The Council's full PDF page 58, E2.3.a, explicitly places the NRMA fast charger in the Art Gallery carpark, separately from Council-owned Tesla units opposite the Visitor Centre.","The OSM history added CCS1 on 29 March 2022 in version 3 and keeps it in latest version 4 (15 December 2022); OCM instead reports CCS2. Council confirms venue and paid operation, not connector shape. Preserve physical_connector_conflict and old fee=no disagreement; do not rewrite CCS1 as CCS2 or withdraw a supported site link merely to erase a hardware conflict.",False,Retain association; preserve stated uncertainty and all source-level attribute conflicts.,-33.8340897,148.6943701,90.18321246646482,6.6013384267510125,"[{""source_file"": ""data/raw/ev_20251216.csv"", ""locator"": ""source_row=709; complete original 12-column record"", ""url"": ""https://opendata.transport.nsw.gov.au/data/dataset/be1c4de4-4517-4bd0-8a09-2965ddfc7179/resource/7bbb6461-e52d-4fe7-ace4-a15c30198de0/download/ev_20251216.csv"", ""sha256"": ""43970e7751b951ab459a1be7bfd6141756c60ff8aa797debf11c5a597109865a""}, {""source_file"": ""data/raw/osm_chargers.json"", ""locator"": ""node/8253300980"", ""url"": ""https://overpass-api.de/api/interpreter?data=%5Bout%3Ajson%5D%5Btimeout%3A90%5D%3Bnwr%5B%22amenity%22%3D%22charging_station%22%5D%28-37.6%2C140.9%2C-28.0%2C153.7%29%3Bout+center+tags%3B"", ""sha256"": ""92a65d9d9cf64ba4f30c79ed278f4c788acd6206e6db9715f499c352793b994c""}, {""source_file"": ""data/raw/reviewed/final_matching_20260910_cowra_osm_history.xml"", ""url"": ""https://api.openstreetmap.org/api/0.6/node/8253300980/history"", ""sha256"": ""1b5853149a117aeefb2f39bde77879e6f251cb7ed017951671c04b97f9253974"", ""locator"": ""node 8253300980 versions 1-4; v3 socket:type1_combo; changeset 119049261""}, {""source_file"": ""data/raw/reviewed/final_matching_20260910_cowra_council_2025.pdf"", ""url"": ""https://www.cowracouncil.com.au/files/assets/public/v/1/council/governance-and-transparency/council-plans-and-reports/delivery-program-2022-2023-to-2025-2026-2025-six-month-review-to-30-june-2025.pdf"", ""sha256"": ""99029ef90b9b6a96b3f165caed5ad7660570efb2ad2a3f0db8e28f6e5bcc83c9"", ""locator"": ""PDF page 58; E2.3.a; Dec 2024 column Art Gallery/fee for service; Jun 2025 column NRMA maintenance""}, {""source_file"": ""data/raw/ocm/OCM-156010.json"", ""locator"": ""ID=156010; AddressInfo and Connections; provider context only"", ""url"": ""https://raw.githubusercontent.com/openchargemap/ocm-export/8e3bedca48ca94807d96b2f5e7ee02cffe63ae54/data/AU/OCM-156010.json"", ""sha256"": ""f4a874d8fba66297c43d9f347b8b64d4d64da7aaff724cb001c15db04a735efd""}, {""source_file"": ""data/raw/nrma_stations.kml"", ""locator"": ""NRMA Fast Charger Cowra"", ""url"": ""https://www.google.com/maps/d/kml?mid=1x7Qs_rCijBa-6hDJITFvBQNDN0lBkzk&forcekml=1"", ""sha256"": ""2f51cd5d52f489657eb9e151cff189251592e7519d6e2ddfff20a2463597546f""}, {""source_file"": ""data/raw/nrma_network.html"", ""locator"": ""published official charging-network map"", ""url"": ""https://www.mynrma.com.au/cars-and-driving/electric-vehicles/charging-network"", ""sha256"": ""21118cbd1fc125861aa914b1e6dd4e4e57f73bfe50f7aef97a9ff495655ca2fe""}]"
FM16,2026-09-10,AI_assisted_original_evidence_review_not_human_ground_truth,r_fb26f40a346a9f379693,833,l_9fc61b13f66f9d01b303,OSM,node/11425340896,97.28724317206932,"Cnr Dunheved Rd & Henry Lawson Dr, Werrington, NSW, 2747",Ampol AmpCharge,-33.7463077,150.7413197,-33.745528,150.7408388,,"{""OBJECTID"": """", ""Station_name"": """", ""Station_address"": ""Cnr Dunheved Rd & Henry Lawson Dr, Werrington, NSW, 2747"", ""Operator"": ""Ampol"", ""Number_of_plugs"": ""2"", ""Charger_Type"": ""DC"", ""Charger_rating"": ""125 kW"", ""Latitude"": ""-33.7463077"", ""Longitude"": ""150.7413197"", ""LGANAME"": ""Penrith City Council"", ""PCODE"": ""2747"", ""Source"": ""ARENA - Driving the Nation""}","{""amenity"": ""charging_station"", ""capacity"": ""2"", ""operator"": ""AmpCharge"", ""operator:wikidata"": ""Q111744561"", ""socket:chademo"": ""1"", ""socket:type2_combo"": ""1""}",[],site_supported_attributes_unverified,"The previously archived Ampol Foodary Werrington page gives the exact Dunheved Road/Henry Lawson Drive corner, AmpCharge and the two connector types; its point is 44.05 m from OSM.",This reuses the completed 9 September review. The petrol-station point and contemporaneous availability are not socket-level or December 2025 truth; coordinates and provider observations are retained.,False,Retain association; preserve stated uncertainty and all source-level attribute conflicts.,,,,,"[{""source_file"": ""data/raw/ev_20251216.csv"", ""locator"": ""source_row=833; complete original 12-column record"", ""url"": ""https://opendata.transport.nsw.gov.au/data/dataset/be1c4de4-4517-4bd0-8a09-2965ddfc7179/resource/7bbb6461-e52d-4fe7-ace4-a15c30198de0/download/ev_20251216.csv"", ""sha256"": ""43970e7751b951ab459a1be7bfd6141756c60ff8aa797debf11c5a597109865a""}, {""source_file"": ""data/raw/osm_chargers.json"", ""locator"": ""node/11425340896"", ""url"": ""https://overpass-api.de/api/interpreter?data=%5Bout%3Ajson%5D%5Btimeout%3A90%5D%3Bnwr%5B%22amenity%22%3D%22charging_station%22%5D%28-37.6%2C140.9%2C-28.0%2C153.7%29%3Bout+center+tags%3B"", ""sha256"": ""92a65d9d9cf64ba4f30c79ed278f4c788acd6206e6db9715f499c352793b994c""}, {""source_file"": ""data/raw/reviewed/matching_ampol_werrington.html"", ""locator"": ""LocalBusiness JSON-LD; exact source street/corner; AmpCharge EV charging"", ""url"": ""https://locations.ampol.com.au/en/ampol-foodary-werrington"", ""sha256"": ""409e0836c4475478a0d09b30b2a285b59dc6805a867e88e5f0e35ed71d4095b4""}]"
FM17,2026-09-10,AI_assisted_original_evidence_review_not_human_ground_truth,r_1b8c5edb72ec07127969,918,l_ae8414370c21e9d1a591,OSM,node/13018467011,71.50368661929733,"NARELLAN RD CNR MAXWELL PL, Sydney, 2567",Ampol AmpCharge,-34.04010015,150.7435405,-34.0395363,150.7431652,,"{""OBJECTID"": """", ""Station_name"": """", ""Station_address"": ""NARELLAN RD CNR MAXWELL PL, Sydney, 2567"", ""Operator"": ""Ampol"", ""Number_of_plugs"": ""4"", ""Charger_Type"": ""DC"", ""Charger_rating"": ""150 kW"", ""Latitude"": ""-34.04010015"", ""Longitude"": ""150.7435405"", ""LGANAME"": ""Camden Council"", ""PCODE"": ""2567"", ""Source"": ""Existing Fast Chargers""}","{""amenity"": ""charging_station"", ""capacity"": ""4"", ""operator"": ""AmpCharge"", ""operator:wikidata"": ""Q111744561"", ""socket:type2_combo"": ""4""}",[],site_supported_attributes_unverified,"Ampol's Narellan page gives Narellan Road/Cnr Maxwell Place, postcode 2567, AmpCharge, and a JSON-LD point 21.84 m from OSM and 49.68 m from source.","The page currently lists Bay01 CHAdeMO 125 kW and Bay02 CCS2 150 kW, whereas OSM/source counting differs. This supports the venue while leaving old connector/count/power observations separate.",False,Retain association; preserve stated uncertainty and all source-level attribute conflicts.,-34.039712,150.743272,49.68343965180818,21.84238382005338,"[{""source_file"": ""data/raw/ev_20251216.csv"", ""locator"": ""source_row=918; complete original 12-column record"", ""url"": ""https://opendata.transport.nsw.gov.au/data/dataset/be1c4de4-4517-4bd0-8a09-2965ddfc7179/resource/7bbb6461-e52d-4fe7-ace4-a15c30198de0/download/ev_20251216.csv"", ""sha256"": ""43970e7751b951ab459a1be7bfd6141756c60ff8aa797debf11c5a597109865a""}, {""source_file"": ""data/raw/osm_chargers.json"", ""locator"": ""node/13018467011"", ""url"": ""https://overpass-api.de/api/interpreter?data=%5Bout%3Ajson%5D%5Btimeout%3A90%5D%3Bnwr%5B%22amenity%22%3D%22charging_station%22%5D%28-37.6%2C140.9%2C-28.0%2C153.7%29%3Bout+center+tags%3B"", ""sha256"": ""92a65d9d9cf64ba4f30c79ed278f4c788acd6206e6db9715f499c352793b994c""}, {""source_file"": ""data/raw/reviewed/final_matching_20260910_ampol_918.html"", ""url"": ""https://locations.ampol.com.au/en/ampol-foodary-narellan"", ""sha256"": ""f37f0a0e3b0f0da81bbfa7cae31ce48c42a024b3c330430b6f9b5beac767cc99"", ""locator"": ""LocalBusiness JSON-LD geo/address; EV charging Bay01/Bay02""}]"
FM18,2026-09-10,AI_assisted_original_evidence_review_not_human_ground_truth,r_86b0088690bec6020cef,1309,l_51967fa50fe906492641,OSM,node/12564147445,99.13169630702254,"179-183 Hume St, Goulburn NSW 2580",Tesla,-34.7720602,149.6923766,-34.7728854,149.6927921,,"{""OBJECTID"": """", ""Station_name"": """", ""Station_address"": ""179-183 Hume St, Goulburn NSW 2580"", ""Operator"": ""Tesla"", ""Number_of_plugs"": ""20"", ""Charger_Type"": ""DC"", ""Charger_rating"": ""175 kW"", ""Latitude"": ""-34.7720602"", ""Longitude"": ""149.6923766"", ""LGANAME"": ""Goulburn Mulwaree Council"", ""PCODE"": ""2580"", ""Source"": ""Fast Charging R1""}","{""access"": ""yes"", ""amenity"": ""charging_station"", ""brand"": ""Tesla Supercharger"", ""brand:website"": ""https://www.tesla.com/supercharger"", ""brand:wikidata"": ""Q17089620"", ""capacity"": ""20"", ""fee"": ""yes"", ""frequency"": ""0"", ""motorcar"": ""designated"", ""name"": ""Tesla Supercharger"", ""network"": ""Supercharger"", ""network:website"": ""https://www.tesla.com/supercharger"", ""network:wikidata"": ""Q17089620"", ""not:brand:wikidata"": ""Q478214"", ""note"": ""Open to all EVs"", ""opening_hours"": ""24/7"", ""operator"": ""Tesla"", ""operator:wikidata"": ""Q478214"", ""ref:supercharge_info"": ""5383"", ""ref:tesla"": ""31614"", ""socket:type2_combo"": ""20"", ""website"": ""https://www.tesla.com/findus/location/supercharger/31614""}",[],retained_pending_site_evidence,"OSM has specific Tesla ref 31614 and 20 CCS2 stalls, matching source count. Earlier official-page search extraction identified Tesla at 5 Lockyer Street, nearby but not the source's 179-183 Hume Street.","The newly archived Council tourism brochure, PDF page 2, labels 179-183 Hume Street as Chargefox KFC South and puts Tesla at the Visitor Centre. Its printed update is 24 July 2024, before the source snapshot, so it cannot rule out a later Tesla installation; it also cannot establish the Hume/Lockyer site boundary. The Tesla full response was 403. This is a priority unverified alternative-address case, not a confirmed wrong association.",False,Retain association; preserve stated uncertainty and all source-level attribute conflicts.,,,,,"[{""source_file"": ""data/raw/ev_20251216.csv"", ""locator"": ""source_row=1309; complete original 12-column record"", ""url"": ""https://opendata.transport.nsw.gov.au/data/dataset/be1c4de4-4517-4bd0-8a09-2965ddfc7179/resource/7bbb6461-e52d-4fe7-ace4-a15c30198de0/download/ev_20251216.csv"", ""sha256"": ""43970e7751b951ab459a1be7bfd6141756c60ff8aa797debf11c5a597109865a""}, {""source_file"": ""data/raw/osm_chargers.json"", ""locator"": ""node/12564147445"", ""url"": ""https://overpass-api.de/api/interpreter?data=%5Bout%3Ajson%5D%5Btimeout%3A90%5D%3Bnwr%5B%22amenity%22%3D%22charging_station%22%5D%28-37.6%2C140.9%2C-28.0%2C153.7%29%3Bout+center+tags%3B"", ""sha256"": ""92a65d9d9cf64ba4f30c79ed278f4c788acd6206e6db9715f499c352793b994c""}, {""source_file"": ""data/raw/reviewed/final_matching_20260910_goulburn_1309_brochure.pdf"", ""url"": ""https://www.goulburnaustralia.com.au/wp-content/uploads/2025/03/EV-Brochure_DL-20250327.pdf"", ""sha256"": ""9a706757c50a6ec0553d9b2ff5f1bcbadab295fbfe21cb07986236a3d6e81175"", ""locator"": ""PDF page 2; Chargefox KFC South 179-183 Hume Street; footer Updated 24/07/2024""}]"
FM19,2026-09-10,AI_assisted_original_evidence_review_not_human_ground_truth,r_468b05218c0c2bf17602,1327,l_9480589138e27915442e,OSM,node/11155180657,87.25341492923715,188 Fernleigh Rd Glenfield Park NSW 2650 Australia,Tesla,-35.1317745,147.3398455,-35.1309893,147.3397911,,"{""OBJECTID"": """", ""Station_name"": """", ""Station_address"": ""188 Fernleigh Rd Glenfield Park NSW 2650 Australia"", ""Operator"": ""Tesla"", ""Number_of_plugs"": ""6"", ""Charger_Type"": ""DC"", ""Charger_rating"": ""175 kW"", ""Latitude"": ""-35.1317745"", ""Longitude"": ""147.3398455"", ""LGANAME"": ""Wagga Wagga City Council"", ""PCODE"": ""2650"", ""Source"": ""Fast Charging R1""}","{""access"": ""yes"", ""amenity"": ""charging_station"", ""brand"": ""Tesla Supercharger"", ""brand:website"": ""https://www.tesla.com/supercharger"", ""brand:wikidata"": ""Q17089620"", ""capacity"": ""6"", ""fee"": ""yes"", ""frequency"": ""0"", ""motorcar"": ""designated"", ""name"": ""Tesla Supercharger"", ""network"": ""Supercharger"", ""network:website"": ""https://www.tesla.com/supercharger"", ""network:wikidata"": ""Q17089620"", ""opening_hours"": ""24/7"", ""operator"": ""Tesla"", ""operator:wikidata"": ""Q478214"", ""ref:supercharge_info"": ""5396"", ""ref:tesla"": ""30889"", ""short_name"": ""Tesla"", ""socket:type2_combo"": ""6"", ""website"": ""https://www.tesla.com/findus/location/supercharger/30889""}",[300153],retained_pending_site_evidence,"OSM Tesla ref 30889 has six CCS2 stalls; OCM 300153 identifies Wagga Wagga on Fernleigh Road, supporting the source road and six-plug context.",No new complete first-party charger/venue evidence archived; Tesla returned 403. Provider agreement and 87.25 m distance do not certify the exact site or hardware.,False,Retain association; preserve stated uncertainty and all source-level attribute conflicts.,,,,,"[{""source_file"": ""data/raw/ev_20251216.csv"", ""locator"": ""source_row=1327; complete original 12-column record"", ""url"": ""https://opendata.transport.nsw.gov.au/data/dataset/be1c4de4-4517-4bd0-8a09-2965ddfc7179/resource/7bbb6461-e52d-4fe7-ace4-a15c30198de0/download/ev_20251216.csv"", ""sha256"": ""43970e7751b951ab459a1be7bfd6141756c60ff8aa797debf11c5a597109865a""}, {""source_file"": ""data/raw/osm_chargers.json"", ""locator"": ""node/11155180657"", ""url"": ""https://overpass-api.de/api/interpreter?data=%5Bout%3Ajson%5D%5Btimeout%3A90%5D%3Bnwr%5B%22amenity%22%3D%22charging_station%22%5D%28-37.6%2C140.9%2C-28.0%2C153.7%29%3Bout+center+tags%3B"", ""sha256"": ""92a65d9d9cf64ba4f30c79ed278f4c788acd6206e6db9715f499c352793b994c""}, {""source_file"": ""data/raw/ocm/OCM-300153.json"", ""locator"": ""ID=300153; AddressInfo and Connections; provider context only"", ""url"": ""https://raw.githubusercontent.com/openchargemap/ocm-export/8e3bedca48ca94807d96b2f5e7ee02cffe63ae54/data/AU/OCM-300153.json"", ""sha256"": ""2b5c54ba6af1dca47acd76a06bb09eb5f46da37d725b063316e129cf9cd331e6""}]"
FM20,2026-09-10,AI_assisted_original_evidence_review_not_human_ground_truth,r_f26e53dda169309ca2b1,1360,l_7b41f16b1e7c13f0bf4a,OSM,node/12437997269,69.08506864678246,2 Moonee Beach Rd Moonee Beach NSW 2450 Australia,Tesla,-30.204973,153.1501028,-30.2044092,153.1497971,,"{""OBJECTID"": """", ""Station_name"": """", ""Station_address"": ""2 Moonee Beach Rd Moonee Beach NSW 2450 Australia"", ""Operator"": ""Tesla"", ""Number_of_plugs"": ""15"", ""Charger_Type"": ""DC"", ""Charger_rating"": ""175 kW"", ""Latitude"": ""-30.204973"", ""Longitude"": ""153.1501028"", ""LGANAME"": ""Coffs Harbour City Council"", ""PCODE"": ""2450"", ""Source"": ""Fast Charging R1""}","{""access"": ""yes"", ""amenity"": ""charging_station"", ""brand"": ""Tesla Supercharger"", ""brand:website"": ""https://www.tesla.com/supercharger"", ""brand:wikidata"": ""Q17089620"", ""capacity"": ""15"", ""fee"": ""yes"", ""frequency"": ""0"", ""motorcar"": ""designated"", ""name"": ""Tesla Supercharger"", ""network"": ""Supercharger"", ""network:website"": ""https://www.tesla.com/supercharger"", ""network:wikidata"": ""Q17089620"", ""opening_hours"": ""24/7"", ""operator"": ""Tesla"", ""operator:wikidata"": ""Q478214"", ""ref:supercharge_info"": ""5379"", ""ref:tesla"": ""32996"", ""socket:type2_combo"": ""15"", ""website"": ""https://www.tesla.com/findus/location/supercharger/32996""}",[311704],retained_pending_site_evidence,"OSM Tesla ref 32996 has 15 CCS2 stalls, and OCM 311704 explicitly gives 2 Moonee Beach Road, matching source address and count.","The current official Tesla search extraction supports Moonee Beach Hotel and 15 chargers, but downloading its original returned 403. Search extraction is not a complete archived original or independent ground truth; retained pending stronger reproducible venue evidence.",False,Retain association; preserve stated uncertainty and all source-level attribute conflicts.,,,,,"[{""source_file"": ""data/raw/ev_20251216.csv"", ""locator"": ""source_row=1360; complete original 12-column record"", ""url"": ""https://opendata.transport.nsw.gov.au/data/dataset/be1c4de4-4517-4bd0-8a09-2965ddfc7179/resource/7bbb6461-e52d-4fe7-ace4-a15c30198de0/download/ev_20251216.csv"", ""sha256"": ""43970e7751b951ab459a1be7bfd6141756c60ff8aa797debf11c5a597109865a""}, {""source_file"": ""data/raw/osm_chargers.json"", ""locator"": ""node/12437997269"", ""url"": ""https://overpass-api.de/api/interpreter?data=%5Bout%3Ajson%5D%5Btimeout%3A90%5D%3Bnwr%5B%22amenity%22%3D%22charging_station%22%5D%28-37.6%2C140.9%2C-28.0%2C153.7%29%3Bout+center+tags%3B"", ""sha256"": ""92a65d9d9cf64ba4f30c79ed278f4c788acd6206e6db9715f499c352793b994c""}, {""source_file"": ""data/raw/ocm/OCM-311704.json"", ""locator"": ""ID=311704; AddressInfo and Connections; provider context only"", ""url"": ""https://raw.githubusercontent.com/openchargemap/ocm-export/8e3bedca48ca94807d96b2f5e7ee02cffe63ae54/data/AU/OCM-311704.json"", ""sha256"": ""e37f97f5bb92d29065e16455488e0188a07e5ad2b12f3f5696d3abef77fc4589""}]"
FM21,2026-09-10,AI_assisted_original_evidence_review_not_human_ground_truth,r_0eda849f14301ed0eb0a,1566,l_4d0dcff3a3f0cac850b8,OSM,node/13146732524,73.27040263035,477 Coolac Rd Coolac NSW 2727 Australia,Tesla,-34.9244264,148.1654233,-34.9238501,148.165815,,"{""OBJECTID"": """", ""Station_name"": """", ""Station_address"": ""477 Coolac Rd Coolac NSW 2727 Australia"", ""Operator"": ""Tesla"", ""Number_of_plugs"": ""12"", ""Charger_Type"": ""DC"", ""Charger_rating"": ""175 kW"", ""Latitude"": ""-34.9244264"", ""Longitude"": ""148.1654233"", ""LGANAME"": ""Cootamundra-gundagai Regional Council"", ""PCODE"": ""2727"", ""Source"": ""Fast Charging R1""}","{""access"": ""yes"", ""amenity"": ""charging_station"", ""brand"": ""Tesla Supercharger"", ""brand:website"": ""https://www.tesla.com/supercharger"", ""brand:wikidata"": ""Q17089620"", ""capacity"": ""12"", ""fee"": ""yes"", ""frequency"": ""0"", ""motorcar"": ""designated"", ""name"": ""Tesla Supercharger"", ""network"": ""Supercharger"", ""network:website"": ""https://www.tesla.com/supercharger"", ""network:wikidata"": ""Q17089620"", ""note"": ""Open to all EVs"", ""opening_hours"": ""24/7"", ""operator"": ""Tesla"", ""operator:wikidata"": ""Q478214"", ""ref:supercharge_info"": ""5380"", ""ref:tesla"": ""33621"", ""socket:type2_combo"": ""12"", ""website"": ""https://www.tesla.com/findus/location/supercharger/33621""}",[461335],retained_pending_site_evidence,"OSM Tesla ref 33621 has 12 CCS2 stalls. OCM 461335 gives 477 Coolac Road, matching source address/count and the nearby OSM context.",The full Tesla source returned 403; no new first-party original independently places this OSM point at the charging venue. Agreement of provider records can reflect shared information.,False,Retain association; preserve stated uncertainty and all source-level attribute conflicts.,,,,,"[{""source_file"": ""data/raw/ev_20251216.csv"", ""locator"": ""source_row=1566; complete original 12-column record"", ""url"": ""https://opendata.transport.nsw.gov.au/data/dataset/be1c4de4-4517-4bd0-8a09-2965ddfc7179/resource/7bbb6461-e52d-4fe7-ace4-a15c30198de0/download/ev_20251216.csv"", ""sha256"": ""43970e7751b951ab459a1be7bfd6141756c60ff8aa797debf11c5a597109865a""}, {""source_file"": ""data/raw/osm_chargers.json"", ""locator"": ""node/13146732524"", ""url"": ""https://overpass-api.de/api/interpreter?data=%5Bout%3Ajson%5D%5Btimeout%3A90%5D%3Bnwr%5B%22amenity%22%3D%22charging_station%22%5D%28-37.6%2C140.9%2C-28.0%2C153.7%29%3Bout+center+tags%3B"", ""sha256"": ""92a65d9d9cf64ba4f30c79ed278f4c788acd6206e6db9715f499c352793b994c""}, {""source_file"": ""data/raw/ocm/OCM-461335.json"", ""locator"": ""ID=461335; AddressInfo and Connections; provider context only"", ""url"": ""https://raw.githubusercontent.com/openchargemap/ocm-export/8e3bedca48ca94807d96b2f5e7ee02cffe63ae54/data/AU/OCM-461335.json"", ""sha256"": ""a2ad3f23f3a9f3a4c52be17380e205339f8aab3a74a9c22a6e4ee279544919d6""}]"
FM22,2026-09-10,AI_assisted_original_evidence_review_not_human_ground_truth,r_e8ea5f0fcfd077929751,1635,l_df304c7cb30586f66cfd,OSM,node/11386697708,51.49716833984718,618 Dean St Albury NSW 2640 Australia,Tesla,-36.0796606,146.9138899,-36.0792896,146.9135464,,"{""OBJECTID"": """", ""Station_name"": """", ""Station_address"": ""618 Dean St Albury NSW 2640 Australia"", ""Operator"": ""Tesla"", ""Number_of_plugs"": ""16"", ""Charger_Type"": ""DC"", ""Charger_rating"": ""175 kW"", ""Latitude"": ""-36.0796606"", ""Longitude"": ""146.9138899"", ""LGANAME"": ""Albury City Council"", ""PCODE"": ""2640"", ""Source"": ""Fast Charging R1""}","{""access"": ""yes"", ""amenity"": ""charging_station"", ""brand"": ""Tesla Supercharger"", ""brand:website"": ""https://www.tesla.com/supercharger"", ""brand:wikidata"": ""Q17089620"", ""capacity"": ""16"", ""fee"": ""yes"", ""frequency"": ""0"", ""motorcar"": ""designated"", ""name"": ""Tesla Supercharger"", ""network"": ""Supercharger"", ""network:website"": ""https://www.tesla.com/supercharger"", ""network:wikidata"": ""Q17089620"", ""note"": ""First V4 Superchargers in Australia!"", ""opening_hours"": ""24/7"", ""operator"": ""Tesla"", ""operator:wikidata"": ""Q478214"", ""ref:supercharge_info"": ""5374"", ""ref:tesla"": ""31612"", ""short_name"": ""Tesla"", ""socket:type2_combo"": ""16"", ""website"": ""https://www.tesla.com/findus/location/supercharger/31612""}",[300154],retained_pending_site_evidence,"OSM Tesla ref 31612 has 16 CCS2 stalls; OCM 300154 names Albury and Stanley Street, consistent with a nearby Tesla venue.","The source says 618 Dean Street, whereas OCM says Stanley Street. The alternative entrance/site-boundary explanation was not independently verified; Tesla full source returned 403. Retain this case as a priority address-context gap rather than claim exact-site confirmation.",False,Retain association; preserve stated uncertainty and all source-level attribute conflicts.,,,,,"[{""source_file"": ""data/raw/ev_20251216.csv"", ""locator"": ""source_row=1635; complete original 12-column record"", ""url"": ""https://opendata.transport.nsw.gov.au/data/dataset/be1c4de4-4517-4bd0-8a09-2965ddfc7179/resource/7bbb6461-e52d-4fe7-ace4-a15c30198de0/download/ev_20251216.csv"", ""sha256"": ""43970e7751b951ab459a1be7bfd6141756c60ff8aa797debf11c5a597109865a""}, {""source_file"": ""data/raw/osm_chargers.json"", ""locator"": ""node/11386697708"", ""url"": ""https://overpass-api.de/api/interpreter?data=%5Bout%3Ajson%5D%5Btimeout%3A90%5D%3Bnwr%5B%22amenity%22%3D%22charging_station%22%5D%28-37.6%2C140.9%2C-28.0%2C153.7%29%3Bout+center+tags%3B"", ""sha256"": ""92a65d9d9cf64ba4f30c79ed278f4c788acd6206e6db9715f499c352793b994c""}, {""source_file"": ""data/raw/ocm/OCM-300154.json"", ""locator"": ""ID=300154; AddressInfo and Connections; provider context only"", ""url"": ""https://raw.githubusercontent.com/openchargemap/ocm-export/8e3bedca48ca94807d96b2f5e7ee02cffe63ae54/data/AU/OCM-300154.json"", ""sha256"": ""9bc358061012dd4925bfac754c502e40752c09c38cae9cc1ab2786e073cc609a""}]"
FM23,2026-09-10,AI_assisted_original_evidence_review_not_human_ground_truth,r_83adde345908446014d1,1720,l_fca5756c31bf279c79e2,OSM,node/13185195202,61.77979398296427,"850 Woodville Rd, Villawood 2163, NSW",Evie,-33.8791212,150.9776442,-33.8795126,150.9781193,,"{""OBJECTID"": """", ""Station_name"": """", ""Station_address"": ""850 Woodville Rd, Villawood 2163, NSW"", ""Operator"": ""Evie Networks"", ""Number_of_plugs"": ""4"", ""Charger_Type"": ""DC"", ""Charger_rating"": ""175 kW"", ""Latitude"": ""-33.8791212"", ""Longitude"": ""150.9776442"", ""LGANAME"": ""Canterbury Bankstown Council"", ""PCODE"": ""2163"", ""Source"": ""Fast Charging R2""}","{""amenity"": ""charging_station"", ""capacity"": ""4"", ""operator"": ""Evie Networks"", ""operator:wikidata"": ""Q105795220"", ""socket:type2_combo"": ""4""}",[],site_supported_attributes_unverified,"Evie entry 7185 names Timezone Villawood at 824-850 Woodville Road, postcode 2163, encompassing source number 850. It lists four CCS2 DC 300 kW on MS190A and one separate AC Type2 on MS190B. The official point lies 51.04 m from OSM.","The five connectors cover mixed DC/AC equipment; do not turn them into five DC plugs or overwrite source power 175 kW. Its 89.70 m offset from the source remains venue-level precision, not a corrected source point. The response's separate Guildford site is not selected.",False,Retain association; preserve stated uncertainty and all source-level attribute conflicts.,-33.8792796,150.978595,89.7011222785775,51.036903333118005,"[{""source_file"": ""data/raw/ev_20251216.csv"", ""locator"": ""source_row=1720; complete original 12-column record"", ""url"": ""https://opendata.transport.nsw.gov.au/data/dataset/be1c4de4-4517-4bd0-8a09-2965ddfc7179/resource/7bbb6461-e52d-4fe7-ace4-a15c30198de0/download/ev_20251216.csv"", ""sha256"": ""43970e7751b951ab459a1be7bfd6141756c60ff8aa797debf11c5a597109865a""}, {""source_file"": ""data/raw/osm_chargers.json"", ""locator"": ""node/13185195202"", ""url"": ""https://overpass-api.de/api/interpreter?data=%5Bout%3Ajson%5D%5Btimeout%3A90%5D%3Bnwr%5B%22amenity%22%3D%22charging_station%22%5D%28-37.6%2C140.9%2C-28.0%2C153.7%29%3Bout+center+tags%3B"", ""sha256"": ""92a65d9d9cf64ba4f30c79ed278f4c788acd6206e6db9715f499c352793b994c""}, {""source_file"": ""data/raw/reviewed/final_matching_20260910_evie_1720.json"", ""url"": ""https://evie.com.au/wp-admin/admin-ajax.php?action=store_search&lat=-33.8791212&lng=150.9776442&max_results=50&search_radius=5"", ""sha256"": ""160521f446ceb17faa685e32c12ca678aa10359e8053377045468aa9b9ec11fe"", ""locator"": ""complete JSON response; id=7185 (not 6352); address; MS190A DC versus MS190B AC""}, {""source_file"": ""data/raw/reviewed/matching_evie_find_a_charger.html"", ""locator"": ""published wpslSettings.ajaxurl"", ""url"": ""https://evie.com.au/find-a-charger/"", ""sha256"": ""54f4033ea24ad8ac1e5f653b42bf843028d031083fc97a16820558f57415a85a""}, {""source_file"": ""data/raw/reviewed/matching_evie_locator_script.js"", ""locator"": ""public GET action=store_search"", ""url"": ""https://evie.com.au/wp-content/plugins/wp-store-locator/js/wpsl-gmap.min.js?ver=2.3.23"", ""sha256"": ""ffc09489dc1b6bce9ccca772e6516ac1d2c01d428846aa17db43d228671a5270""}]"
FM24,2026-09-10,AI_assisted_original_evidence_review_not_human_ground_truth,r_9e59feb5c2b387e92904,1742,l_96c745c3f95f444c2914,OSM,node/12221169446,71.20464177169146,"9-17 Short St, Parkes NSW 2870",Tesla,-33.1413775,148.1740685,-33.1410109,148.174695,,"{""OBJECTID"": """", ""Station_name"": """", ""Station_address"": ""9-17 Short St, Parkes NSW 2870"", ""Operator"": ""Tesla"", ""Number_of_plugs"": ""4"", ""Charger_Type"": ""DC"", ""Charger_rating"": ""175 kW"", ""Latitude"": ""-33.1413775"", ""Longitude"": ""148.1740685"", ""LGANAME"": ""Parkes Shire Council"", ""PCODE"": ""2870"", ""Source"": ""Fast Charging R1""}","{""access"": ""yes"", ""amenity"": ""charging_station"", ""brand"": ""Tesla Supercharger"", ""brand:website"": ""https://www.tesla.com/supercharger"", ""brand:wikidata"": ""Q17089620"", ""capacity"": ""4"", ""fee"": ""yes"", ""frequency"": ""0"", ""motorcar"": ""designated"", ""name"": ""Parkes Supercharger"", ""network"": ""Supercharger"", ""network:website"": ""https://www.tesla.com/supercharger"", ""network:wikidata"": ""Q17089620"", ""opening_hours"": ""24/7"", ""operator"": ""Tesla"", ""operator:wikidata"": ""Q478214"", ""ref:supercharge_info"": ""6657"", ""ref:tesla"": ""34173"", ""socket:type2_combo"": ""4"", ""website"": ""https://www.tesla.com/findus/location/supercharger/34173""}",[],retained_pending_site_evidence,OSM Tesla ref 34173 and four CCS2 stalls agree with the source operator and four plugs near 9-17 Short Street.,"There is no accepted OCM cross-reference and no new complete first-party venue source; Tesla returned 403. This remains a proximity/operator association awaiting independent venue context, not a proved wrong match.",False,Retain association; preserve stated uncertainty and all source-level attribute conflicts.,,,,,"[{""source_file"": ""data/raw/ev_20251216.csv"", ""locator"": ""source_row=1742; complete original 12-column record"", ""url"": ""https://opendata.transport.nsw.gov.au/data/dataset/be1c4de4-4517-4bd0-8a09-2965ddfc7179/resource/7bbb6461-e52d-4fe7-ace4-a15c30198de0/download/ev_20251216.csv"", ""sha256"": ""43970e7751b951ab459a1be7bfd6141756c60ff8aa797debf11c5a597109865a""}, {""source_file"": ""data/raw/osm_chargers.json"", ""locator"": ""node/12221169446"", ""url"": ""https://overpass-api.de/api/interpreter?data=%5Bout%3Ajson%5D%5Btimeout%3A90%5D%3Bnwr%5B%22amenity%22%3D%22charging_station%22%5D%28-37.6%2C140.9%2C-28.0%2C153.7%29%3Bout+center+tags%3B"", ""sha256"": ""92a65d9d9cf64ba4f30c79ed278f4c788acd6206e6db9715f499c352793b994c""}]"
FM25,2026-09-10,AI_assisted_original_evidence_review_not_human_ground_truth,r_da5d50a5aa67ca41070c,1771,l_9faf5dd65d8e18b735f3,OSM,node/11842613041,87.71020052511088,Corner Sturgeon St & Glenelg St Raymond Terrace NSW 2324 Australia,Tesla,-32.7645423,151.7425233,-32.7638346,151.7421054,,"{""OBJECTID"": """", ""Station_name"": """", ""Station_address"": ""Corner Sturgeon St & Glenelg St Raymond Terrace NSW 2324 Australia"", ""Operator"": ""Tesla"", ""Number_of_plugs"": ""12"", ""Charger_Type"": ""DC"", ""Charger_rating"": ""175 kW"", ""Latitude"": ""-32.7645423"", ""Longitude"": ""151.7425233"", ""LGANAME"": ""Port Stephens Council"", ""PCODE"": ""2324"", ""Source"": ""Fast Charging R1""}","{""amenity"": ""charging_station"", ""brand"": ""Tesla Supercharger"", ""brand:wikidata"": ""Q17089620"", ""capacity"": ""12"", ""name"": ""Tesla Supercharger"", ""operator"": ""Tesla"", ""operator:wikidata"": ""Q478214"", ""short_name"": ""Tesla"", ""socket:tesla_supercharger"": ""12""}",[297859],retained_pending_site_evidence,"OSM has 12 Tesla stalls; existing OCM 297859 calls the venue Terrace Central on Glenelg Street, consistent with the source's Sturgeon/Glenelg corner.",OSM has no station-specific ref or address. No new first-party original was archived locating these chargers; provider context is not independent confirmation. Exact venue boundary and historic device scope remain uncertain.,False,Retain association; preserve stated uncertainty and all source-level attribute conflicts.,,,,,"[{""source_file"": ""data/raw/ev_20251216.csv"", ""locator"": ""source_row=1771; complete original 12-column record"", ""url"": ""https://opendata.transport.nsw.gov.au/data/dataset/be1c4de4-4517-4bd0-8a09-2965ddfc7179/resource/7bbb6461-e52d-4fe7-ace4-a15c30198de0/download/ev_20251216.csv"", ""sha256"": ""43970e7751b951ab459a1be7bfd6141756c60ff8aa797debf11c5a597109865a""}, {""source_file"": ""data/raw/osm_chargers.json"", ""locator"": ""node/11842613041"", ""url"": ""https://overpass-api.de/api/interpreter?data=%5Bout%3Ajson%5D%5Btimeout%3A90%5D%3Bnwr%5B%22amenity%22%3D%22charging_station%22%5D%28-37.6%2C140.9%2C-28.0%2C153.7%29%3Bout+center+tags%3B"", ""sha256"": ""92a65d9d9cf64ba4f30c79ed278f4c788acd6206e6db9715f499c352793b994c""}, {""source_file"": ""data/raw/ocm/OCM-297859.json"", ""locator"": ""ID=297859; AddressInfo and Connections; provider context only"", ""url"": ""https://raw.githubusercontent.com/openchargemap/ocm-export/8e3bedca48ca94807d96b2f5e7ee02cffe63ae54/data/AU/OCM-297859.json"", ""sha256"": ""a23773aff9d46d8bc7c2ed9440ae547b3df5e906d82246c05c775d7ca4e4eca5""}]"
FM26,2026-09-10,AI_assisted_original_evidence_review_not_human_ground_truth,r_16df539c3c8ea020c0aa,1840,l_b968027079594c1cc4a3,OSM,node/12884912873,53.79522147594667,"1 Tasman Rd, Gumly Gumly NSW 2652, Australia",BP Pulse (AU),-35.1262128,147.4209242,-35.1257311,147.4208566,,"{""OBJECTID"": """", ""Station_name"": """", ""Station_address"": ""1 Tasman Rd, Gumly Gumly NSW 2652, Australia"", ""Operator"": ""BP"", ""Number_of_plugs"": ""6"", ""Charger_Type"": ""DC"", ""Charger_rating"": ""175 kW"", ""Latitude"": ""-35.1262128"", ""Longitude"": ""147.4209242"", ""LGANAME"": ""Wagga Wagga City Council"", ""PCODE"": ""2652"", ""Source"": ""Fast Charging R1""}","{""amenity"": ""charging_station"", ""brand"": ""bp pulse"", ""brand:wikidata"": ""Q39057719"", ""operator"": ""bp pulse"", ""operator:wikidata"": ""Q39057719"", ""socket:type2_combo"": ""3""}",[],site_supported_attributes_unverified,"BP station 4091 gives exactly 1 Tasman Road, Gumly Gumly 2652, and bppulse in the actual station's products. Its point is 27.31 m from OSM and 31.53 m from source.","The operator's fuel-station point confirms charging at the venue, not each bay. Source six plugs versus OSM three CCS2 tags remains a separate counting/equipment observation, with no automatic replacement.",False,Retain association; preserve stated uncertainty and all source-level attribute conflicts.,-35.125939,147.421017,31.53185537078398,27.308327719186828,"[{""source_file"": ""data/raw/ev_20251216.csv"", ""locator"": ""source_row=1840; complete original 12-column record"", ""url"": ""https://opendata.transport.nsw.gov.au/data/dataset/be1c4de4-4517-4bd0-8a09-2965ddfc7179/resource/7bbb6461-e52d-4fe7-ace4-a15c30198de0/download/ev_20251216.csv"", ""sha256"": ""43970e7751b951ab459a1be7bfd6141756c60ff8aa797debf11c5a597109865a""}, {""source_file"": ""data/raw/osm_chargers.json"", ""locator"": ""node/12884912873"", ""url"": ""https://overpass-api.de/api/interpreter?data=%5Bout%3Ajson%5D%5Btimeout%3A90%5D%3Bnwr%5B%22amenity%22%3D%22charging_station%22%5D%28-37.6%2C140.9%2C-28.0%2C153.7%29%3Bout+center+tags%3B"", ""sha256"": ""92a65d9d9cf64ba4f30c79ed278f4c788acd6206e6db9715f499c352793b994c""}, {""source_file"": ""data/raw/reviewed/final_matching_20260910_bp_1840.html"", ""url"": ""https://map.bp.com/en-AU/AU/gas-station/gumly-gumly/bp-gumly-gumly/4091"", ""sha256"": ""207e344391c9c9220d70bd5d05e45aeed9aac6bf728eac3f3deb5ba01f702766"", ""locator"": ""script[data-page=app] JSON props.location; locationId=4091; products bppulse""}]"
FM27,2026-09-10,AI_assisted_original_evidence_review_not_human_ground_truth,r_85ce7d2a04939146d90c,1945,l_73c72e9ef358fc5781aa,OSM,node/10258355351,76.8110827519741,"162 Rouse St, Tenterfield NSW 2372, Australia",Tesla,-29.0565237,152.0181884,-29.0560795,152.017583,,"{""OBJECTID"": """", ""Station_name"": """", ""Station_address"": ""162 Rouse St, Tenterfield NSW 2372, Australia"", ""Operator"": ""Tesla"", ""Number_of_plugs"": ""4"", ""Charger_Type"": ""DC"", ""Charger_rating"": ""175 kW"", ""Latitude"": ""-29.0565237"", ""Longitude"": ""152.0181884"", ""LGANAME"": ""Tenterfield Shire Council"", ""PCODE"": ""2372"", ""Source"": ""Fast Charging R1""}","{""access"": ""yes"", ""amenity"": ""charging_station"", ""brand"": ""Tesla Supercharger"", ""brand:website"": ""https://www.tesla.com/supercharger"", ""brand:wikidata"": ""Q17089620"", ""capacity"": ""4"", ""description"": ""Tesla Supercharger"", ""fee"": ""yes"", ""frequency"": ""0"", ""motorcar"": ""designated"", ""name"": ""Tesla Supercharger"", ""network"": ""Supercharger"", ""network:website"": ""https://www.tesla.com/supercharger"", ""network:wikidata"": ""Q17089620"", ""opening_hours"": ""24/7"", ""operator"": ""Tesla"", ""operator:wikidata"": ""Q478214"", ""ref:supercharge_info"": ""5395"", ""ref:tesla"": ""tenterfieldsupercharger"", ""short_name"": ""Tesla"", ""socket:type2_combo"": ""4"", ""socket:type2_combo:output"": ""250 kW"", ""website"": ""https://www.tesla.com/findus/location/supercharger/tenterfieldsupercharger""}",[312274],retained_pending_site_evidence,OSM has Tesla tenterfieldsupercharger ref and four CCS2 stalls; OCM 312274 names Coles Tenterfield with 1 Crown Street and four connectors.,The source gives 162 Rouse Street. A shared Coles parcel or alternative entry is plausible but not established by a complete first-party original here. Tesla returned 403. Keep this alternative-address association explicitly unverified.,False,Retain association; preserve stated uncertainty and all source-level attribute conflicts.,,,,,"[{""source_file"": ""data/raw/ev_20251216.csv"", ""locator"": ""source_row=1945; complete original 12-column record"", ""url"": ""https://opendata.transport.nsw.gov.au/data/dataset/be1c4de4-4517-4bd0-8a09-2965ddfc7179/resource/7bbb6461-e52d-4fe7-ace4-a15c30198de0/download/ev_20251216.csv"", ""sha256"": ""43970e7751b951ab459a1be7bfd6141756c60ff8aa797debf11c5a597109865a""}, {""source_file"": ""data/raw/osm_chargers.json"", ""locator"": ""node/10258355351"", ""url"": ""https://overpass-api.de/api/interpreter?data=%5Bout%3Ajson%5D%5Btimeout%3A90%5D%3Bnwr%5B%22amenity%22%3D%22charging_station%22%5D%28-37.6%2C140.9%2C-28.0%2C153.7%29%3Bout+center+tags%3B"", ""sha256"": ""92a65d9d9cf64ba4f30c79ed278f4c788acd6206e6db9715f499c352793b994c""}, {""source_file"": ""data/raw/ocm/OCM-312274.json"", ""locator"": ""ID=312274; AddressInfo and Connections; provider context only"", ""url"": ""https://raw.githubusercontent.com/openchargemap/ocm-export/8e3bedca48ca94807d96b2f5e7ee02cffe63ae54/data/AU/OCM-312274.json"", ""sha256"": ""ff1ad24e4f36b7cdd680fd2d98a2c5579042a7d7bdc230fcce0184253c5d22ae""}]"
