location_id,distance_m,address_similarity,same_operator,postcode_conflict,source_address_conflict,extended_address_conflict,eligible,score,decision,source_address,external_address,source_operator,external_operator,address_exception_applied,address_exception_review_id,address_exception_record_id,address_exception_source_file,address_exception_evidence_sha256,address_exception_reason,ampol_id
l_e8bbf337bf47d35e6221,189.63752350453035,0.7857142857142857,True,False,False,,True,0.5141186990735176,accepted,"Pacific Hwy Cnr, 13-15 Costa Ave, Charmhaven NSW 2263","13-15 Pacific Hwy Cnr Costa Ave, Charmhaven, 2263, Australia",Ampol AmpCharge,Ampol AmpCharge,False,,,,,,28820
l_aaafc1dfb20d75e3b81f,101.6182516810421,1.0,True,False,False,,True,0.7798271213577421,accepted,"69-71 Central Coast Hwy, Gosford West, NSW, 2250","69-71 Central Coast Hwy, Gosford West, 2250, Australia",Ampol AmpCharge,Ampol AmpCharge,False,,,,,,22582
l_f3de993021435cf66317,14.578263166124636,0.4864864864864865,True,False,False,,True,0.7886840334103337,accepted,"Western Motorway, Sydney, 2766","M4 Motorway Eastbound, Eastern Creek, 2766, Australia",Ampol AmpCharge,Ampol AmpCharge,False,,,,,,28576
l_35a5423726a82ebf036a,57.87685379135695,1.0,True,False,False,,True,0.8746001501187266,accepted,"133 Wyndham St Cnr Mcevoy St, Alexandria, NSW, 2015","133 Wyndham St Cnr Mcevoy St, Alexandria, 2015, Australia",Ampol AmpCharge,Ampol AmpCharge,False,,,,,,22135
l_9fc61b13f66f9d01b303,53.381459365011004,1.0,True,False,False,,True,0.8843401713758094,accepted,"Cnr Dunheved Rd & Henry Lawson Dr, Werrington, NSW, 2747","Cnr Dunheved Rd & Henry Lawson Dr, Werrington, 2747, Australia",Ampol AmpCharge,Ampol AmpCharge,False,,,,,,28569
l_a51d2fa280bc3eff5e19,41.07345318960942,1.0,True,False,False,,True,0.9110075180891797,accepted,"741 George St, Windsor, 2756","741 George St, Windsor South, 2756, Australia",Ampol AmpCharge,Ampol AmpCharge,False,,,,,,25567
l_e3d0df1ceeee9bbdfae6,30.381825666030164,1.0,True,False,False,,True,0.9341727110569347,accepted,"1509-1511 Pittwater Rd, Sydney, 2101","1509-1511 Pittwater Rd, Narrabeen, 2101, Australia",Ampol AmpCharge,Ampol AmpCharge,False,,,,,,22120
l_99ad1e5acb4c7a95e19d,13.538352064558373,1.0,True,False,False,,True,0.9706669038601236,accepted,"342 Kanahooka Rd, Brownsville, NSW, 2530","342 Kanahooka Rd, Brownsville, 2530, Australia",Ampol AmpCharge,Ampol AmpCharge,False,,,,,,22256
l_fa7c475e4fefc7c4b44a,12.666008857900835,1.0,True,False,False,,True,0.9725569808078816,accepted,"9 Flinders St, Wollongong North, NSW, 2500","9 Flinders St, Wollongong North, 2500, Australia",Ampol AmpCharge,Ampol AmpCharge,False,,,,,,22128
l_6c01c66a5aeda28b9482,3.7739381479352017,1.0,True,False,False,,True,0.9918231340128071,accepted,"164 Mona Vale Rd, St Ives, NSW, 2075","164 Mona Vale Rd, St Ives, 2075, Australia",Ampol AmpCharge,Ampol AmpCharge,False,,,,,,22895
l_9de483f73c0a0d15d9f7,0.213147429000514,1.0,True,False,False,,True,0.9995381805704989,accepted,"87-91 Roberts Rd Cnr Moondo St, Greenacre, NSW, 2190","87-91 Roberts Rd Cnr Moondo St, Greenacre, 2190, Australia",Ampol AmpCharge,Ampol AmpCharge,False,,,,,,22794
l_7db26718bcad6ce8bf53,0.028055594493078994,1.0,True,False,False,,True,0.9999392128785983,accepted,"M4 Motorway Westbound, Sydney, 2766","M4 Motorway Westbound, Eastern Creek, 2766, Australia",Ampol AmpCharge,Ampol AmpCharge,False,,,,,,28577
l_295669b59d2d5e752167,0.0,1.0,True,False,False,,True,1.0,accepted,"516 Punchbowl Rd Cnr Wangee Rd, Lakemba, NSW, 2195","516 Punchbowl Rd Cnr Wangee Rd, Lakemba, 2195, Australia",Ampol AmpCharge,Ampol AmpCharge,False,,,,,,22276
