location_id,ocm_id,connection_id,category,site_status,connection_status,quantity,detail,source_file
l_78278d9cbcaa8a3ed72a,161845,232892,site_connection_status_difference,Operational,Not Operational,1.0,"Site and connection report different OCM status labels. Labels and quantities are historical source observations, not live availability.",data/raw/ocm/OCM-161845.json
l_78278d9cbcaa8a3ed72a,161845,232893,site_connection_status_difference,Operational,Not Operational,1.0,"Site and connection report different OCM status labels. Labels and quantities are historical source observations, not live availability.",data/raw/ocm/OCM-161845.json
l_66207c8601840754570c,190681,309236,site_connection_status_difference,Planned For Future Date,Operational,1.0,"Site and connection report different OCM status labels. Labels and quantities are historical source observations, not live availability.",data/raw/ocm/OCM-190681.json
l_66207c8601840754570c,190681,309237,site_connection_status_difference,Planned For Future Date,Operational,1.0,"Site and connection report different OCM status labels. Labels and quantities are historical source observations, not live availability.",data/raw/ocm/OCM-190681.json
l_221de9e0e2d75945c5b7,161993,233151,site_connection_status_difference,Not Operational,Operational,1.0,"Site and connection report different OCM status labels. Labels and quantities are historical source observations, not live availability.",data/raw/ocm/OCM-161993.json
l_221de9e0e2d75945c5b7,161993,257779,site_connection_status_difference,Not Operational,Operational,1.0,"Site and connection report different OCM status labels. Labels and quantities are historical source observations, not live availability.",data/raw/ocm/OCM-161993.json
l_4f0e54e6945ee8be278f,190225,308311,site_connection_status_difference,Partly Operational (Mixed),Operational,2.0,"Site and connection report different OCM status labels. Labels and quantities are historical source observations, not live availability.",data/raw/ocm/OCM-190225.json
l_4f0e54e6945ee8be278f,190225,308312,site_connection_status_difference,Partly Operational (Mixed),Operational,1.0,"Site and connection report different OCM status labels. Labels and quantities are historical source observations, not live availability.",data/raw/ocm/OCM-190225.json
l_4f0e54e6945ee8be278f,190225,308314,site_connection_status_difference,Partly Operational (Mixed),Operational,1.0,"Site and connection report different OCM status labels. Labels and quantities are historical source observations, not live availability.",data/raw/ocm/OCM-190225.json
l_2cb6da819a47f60aa3da,190682,309238,site_connection_status_difference,Planned For Future Date,Operational,1.0,"Site and connection report different OCM status labels. Labels and quantities are historical source observations, not live availability.",data/raw/ocm/OCM-190682.json
l_2cb6da819a47f60aa3da,190682,309239,site_connection_status_difference,Planned For Future Date,Operational,1.0,"Site and connection report different OCM status labels. Labels and quantities are historical source observations, not live availability.",data/raw/ocm/OCM-190682.json
l_cdc4faf3cb83a0c69e07,191280,310454,zero_quantity_dc_connection,Operational,Operational,0.0,"Source reports Quantity=0: retained connector row, excluded from dc_connector_types. Site matching is not proof of available equipment.",data/raw/ocm/OCM-191280.json
l_d7be5e373b06278feb7a,278525,481320,site_connection_status_difference,Planned For Future Date,Operational,1.0,"Site and connection report different OCM status labels. Labels and quantities are historical source observations, not live availability.",data/raw/ocm/OCM-278525.json
l_758587195e820219edca,148545,206275,site_connection_status_difference,Operational,Partly Operational (Mixed),2.0,"Site and connection report different OCM status labels. Labels and quantities are historical source observations, not live availability.",data/raw/ocm/OCM-148545.json
l_bab6f0f232d08a6bbeb9,191183,310254,site_connection_status_difference,Temporarily Unavailable,Operational,1.0,"Site and connection report different OCM status labels. Labels and quantities are historical source observations, not live availability.",data/raw/ocm/OCM-191183.json
l_bab6f0f232d08a6bbeb9,191183,310255,site_connection_status_difference,Temporarily Unavailable,Operational,1.0,"Site and connection report different OCM status labels. Labels and quantities are historical source observations, not live availability.",data/raw/ocm/OCM-191183.json
l_d0a819b95a2a2f3fb46a,171647,262478,site_connection_status_difference,Temporarily Unavailable,Operational,2.0,"Site and connection report different OCM status labels. Labels and quantities are historical source observations, not live availability.",data/raw/ocm/OCM-171647.json
l_d0a819b95a2a2f3fb46a,171647,262479,site_connection_status_difference,Temporarily Unavailable,Operational,2.0,"Site and connection report different OCM status labels. Labels and quantities are historical source observations, not live availability.",data/raw/ocm/OCM-171647.json
l_489ae1c90174e92bf09e,131610,184192,site_connection_status_difference,Operational,Planned For Future Date,1.0,"Site and connection report different OCM status labels. Labels and quantities are historical source observations, not live availability.",data/raw/ocm/OCM-131610.json
