location_id,attribute,values_json,note,category,observations_json
l_0e7182202acba8dfe173,dc_connector_types,"[""CCS (Type 2)"", ""CCS (Type 2); CHAdeMO""]","Source observations retained; naming, coverage, conditions or dates may differ. No automatic overwrite.",connector_set_inclusion,"[{""attribute"": ""dc_connector_types"", ""value"": ""CCS (Type 2); CHAdeMO"", ""scope"": ""site"", ""source_file"": ""data/raw/ocm/OCM-190706.json"", ""ocm_id"": 190706, ""osm_id"": null, ""jolt_id"": null, ""ampol_id"": null, ""ocm_operator_id"": null}, {""attribute"": ""dc_connector_types"", ""value"": ""CCS (Type 2)"", ""scope"": ""site"", ""source_file"": ""data/raw/osm_chargers.json"", ""ocm_id"": null, ""osm_id"": ""node/7370327570"", ""jolt_id"": null, ""ampol_id"": null, ""ocm_operator_id"": null}]"
l_0e7182202acba8dfe173,fee_vs_usage_cost_text,"[""50c per kWh energy consumed."", ""no""]",fee=no coexists with explicit positive cost text; review dates and charging/parking/member conditions. Neither source is overridden.,fee_semantic_review,"[{""attribute"": ""fee"", ""value"": ""no"", ""scope"": ""site"", ""source_file"": ""data/raw/osm_chargers.json"", ""ocm_id"": null, ""osm_id"": ""node/7370327570"", ""jolt_id"": null, ""ampol_id"": null, ""ocm_operator_id"": null}, {""attribute"": ""usage_cost_text"", ""value"": ""50c per kWh energy consumed."", ""scope"": ""site"", ""source_file"": ""data/raw/ocm/OCM-190706.json"", ""ocm_id"": 190706, ""osm_id"": null, ""jolt_id"": null, ""ampol_id"": null, ""ocm_operator_id"": null}]"
l_18cd5c4d2cbb2d421237,dc_connector_types,"[""CCS (Type 2)"", ""CCS (Type 2); CHAdeMO""]","Source observations retained; naming, coverage, conditions or dates may differ. No automatic overwrite.",connector_set_inclusion,"[{""attribute"": ""dc_connector_types"", ""value"": ""CCS (Type 2); CHAdeMO"", ""scope"": ""site"", ""source_file"": ""data/raw/ocm/OCM-172920.json"", ""ocm_id"": 172920, ""osm_id"": null, ""jolt_id"": null, ""ampol_id"": null, ""ocm_operator_id"": null}, {""attribute"": ""dc_connector_types"", ""value"": ""CCS (Type 2)"", ""scope"": ""site"", ""source_file"": ""data/raw/osm_chargers.json"", ""ocm_id"": null, ""osm_id"": ""node/7853821459"", ""jolt_id"": null, ""ampol_id"": null, ""ocm_operator_id"": null}]"
l_1a14af4b564a876d23aa,dc_connector_types,"[""CCS (Type 2)"", ""CCS (Type 2); CHAdeMO""]","Source observations retained; naming, coverage, conditions or dates may differ. No automatic overwrite.",connector_set_inclusion,"[{""attribute"": ""dc_connector_types"", ""value"": ""CCS (Type 2); CHAdeMO"", ""scope"": ""site"", ""source_file"": ""data/raw/ocm/OCM-191954.json"", ""ocm_id"": 191954, ""osm_id"": null, ""jolt_id"": null, ""ampol_id"": null, ""ocm_operator_id"": null}, {""attribute"": ""dc_connector_types"", ""value"": ""CCS (Type 2)"", ""scope"": ""site"", ""source_file"": ""data/raw/osm_chargers.json"", ""ocm_id"": null, ""osm_id"": ""node/13833992860"", ""jolt_id"": null, ""ampol_id"": null, ""ocm_operator_id"": null}]"
l_1a14af4b564a876d23aa,fee_vs_usage_cost_text,"[""FREE"", ""yes""]",fee=yes coexists with an explicit unconditional free-cost statement; review dates and charging/parking/member conditions. Neither source is overridden.,fee_semantic_review,"[{""attribute"": ""fee"", ""value"": ""yes"", ""scope"": ""site"", ""source_file"": ""data/raw/osm_chargers.json"", ""ocm_id"": null, ""osm_id"": ""node/13833992860"", ""jolt_id"": null, ""ampol_id"": null, ""ocm_operator_id"": null}, {""attribute"": ""usage_cost_text"", ""value"": ""FREE"", ""scope"": ""site"", ""source_file"": ""data/raw/ocm/OCM-191954.json"", ""ocm_id"": 191954, ""osm_id"": null, ""jolt_id"": null, ""ampol_id"": null, ""ocm_operator_id"": null}]"
l_23a291542d287073b9fa,dc_connector_types,"[""CCS (Type 2)"", ""CCS (Type 2); CHAdeMO""]","Source observations retained; naming, coverage, conditions or dates may differ. No automatic overwrite.",connector_set_inclusion,"[{""attribute"": ""dc_connector_types"", ""value"": ""CCS (Type 2); CHAdeMO"", ""scope"": ""site"", ""source_file"": ""data/raw/ocm/OCM-190358.json"", ""ocm_id"": 190358, ""osm_id"": null, ""jolt_id"": null, ""ampol_id"": null, ""ocm_operator_id"": null}, {""attribute"": ""dc_connector_types"", ""value"": ""CCS (Type 2)"", ""scope"": ""site"", ""source_file"": ""data/raw/osm_chargers.json"", ""ocm_id"": null, ""osm_id"": ""node/6749417820"", ""jolt_id"": null, ""ampol_id"": null, ""ocm_operator_id"": null}]"
l_3915fce4190876f18d00,dc_connector_types,"[""CCS (Type 2)"", ""CCS (Type 2); CHAdeMO""]","Source observations retained; naming, coverage, conditions or dates may differ. No automatic overwrite.",connector_set_inclusion,"[{""attribute"": ""dc_connector_types"", ""value"": ""CCS (Type 2)"", ""scope"": ""site"", ""source_file"": ""data/raw/ocm/OCM-172652.json"", ""ocm_id"": 172652, ""osm_id"": null, ""jolt_id"": null, ""ampol_id"": null, ""ocm_operator_id"": null}, {""attribute"": ""dc_connector_types"", ""value"": ""CCS (Type 2); CHAdeMO"", ""scope"": ""site"", ""source_file"": ""data/raw/osm_chargers.json"", ""ocm_id"": null, ""osm_id"": ""node/7612252206"", ""jolt_id"": null, ""ampol_id"": null, ""ocm_operator_id"": null}]"
l_5711ab1d8fc3bab1a5f8,dc_connector_types,"[""CCS (Type 2)"", ""Tesla CCS; Tesla Supercharger""]","Source observations retained; naming, coverage, conditions or dates may differ. No automatic overwrite.",connector_tesla_naming_or_hardware_review,"[{""attribute"": ""dc_connector_types"", ""value"": ""CCS (Type 2)"", ""scope"": ""site"", ""source_file"": ""data/raw/ocm/OCM-79851.json"", ""ocm_id"": 79851, ""osm_id"": null, ""jolt_id"": null, ""ampol_id"": null, ""ocm_operator_id"": null}, {""attribute"": ""dc_connector_types"", ""value"": ""Tesla CCS; Tesla Supercharger"", ""scope"": ""site"", ""source_file"": ""data/raw/osm_chargers.json"", ""ocm_id"": null, ""osm_id"": ""node/4016257448"", ""jolt_id"": null, ""ampol_id"": null, ""ocm_operator_id"": null}]"
l_57579c6bf729ab6fc9e8,dc_connector_types,"[""CCS (Type 2); CHAdeMO"", ""CHAdeMO""]","Source observations retained; naming, coverage, conditions or dates may differ. No automatic overwrite.",connector_set_inclusion,"[{""attribute"": ""dc_connector_types"", ""value"": ""CCS (Type 2); CHAdeMO"", ""scope"": ""site"", ""source_file"": ""data/raw/ocm/OCM-190005.json"", ""ocm_id"": 190005, ""osm_id"": null, ""jolt_id"": null, ""ampol_id"": null, ""ocm_operator_id"": null}, {""attribute"": ""dc_connector_types"", ""value"": ""CHAdeMO"", ""scope"": ""site"", ""source_file"": ""data/raw/osm_chargers.json"", ""ocm_id"": null, ""osm_id"": ""node/7816558586"", ""jolt_id"": null, ""ampol_id"": null, ""ocm_operator_id"": null}]"
l_765cd59dc025044eb30a,dc_connector_types,"[""CCS (Type 2)"", ""Tesla CCS; Tesla Supercharger""]","Source observations retained; naming, coverage, conditions or dates may differ. No automatic overwrite.",connector_tesla_naming_or_hardware_review,"[{""attribute"": ""dc_connector_types"", ""value"": ""CCS (Type 2)"", ""scope"": ""site"", ""source_file"": ""data/raw/ocm/OCM-79760.json"", ""ocm_id"": 79760, ""osm_id"": null, ""jolt_id"": null, ""ampol_id"": null, ""ocm_operator_id"": null}, {""attribute"": ""dc_connector_types"", ""value"": ""Tesla CCS; Tesla Supercharger"", ""scope"": ""site"", ""source_file"": ""data/raw/osm_chargers.json"", ""ocm_id"": null, ""osm_id"": ""node/4027667916"", ""jolt_id"": null, ""ampol_id"": null, ""ocm_operator_id"": null}]"
l_7fd5bfaae6239c1e0b77,dc_connector_types,"[""CCS (Type 2)"", ""Tesla Supercharger""]","Source observations retained; naming, coverage, conditions or dates may differ. No automatic overwrite.",connector_tesla_naming_or_hardware_review,"[{""attribute"": ""dc_connector_types"", ""value"": ""CCS (Type 2)"", ""scope"": ""site"", ""source_file"": ""data/raw/ocm/OCM-296044.json"", ""ocm_id"": 296044, ""osm_id"": null, ""jolt_id"": null, ""ampol_id"": null, ""ocm_operator_id"": null}, {""attribute"": ""dc_connector_types"", ""value"": ""Tesla Supercharger"", ""scope"": ""site"", ""source_file"": ""data/raw/osm_chargers.json"", ""ocm_id"": null, ""osm_id"": ""node/11290026319"", ""jolt_id"": null, ""ampol_id"": null, ""ocm_operator_id"": null}]"
l_828c50ea7a5f58a7b7d8,dc_connector_types,"[""CCS (Type 2)"", ""CCS (Type 2); CHAdeMO""]","Source observations retained; naming, coverage, conditions or dates may differ. No automatic overwrite.",connector_set_inclusion,"[{""attribute"": ""dc_connector_types"", ""value"": ""CCS (Type 2); CHAdeMO"", ""scope"": ""site"", ""source_file"": ""data/raw/ocm/OCM-191394.json"", ""ocm_id"": 191394, ""osm_id"": null, ""jolt_id"": null, ""ampol_id"": null, ""ocm_operator_id"": null}, {""attribute"": ""dc_connector_types"", ""value"": ""CCS (Type 2)"", ""scope"": ""site"", ""source_file"": ""data/raw/osm_chargers.json"", ""ocm_id"": null, ""osm_id"": ""node/6595579456"", ""jolt_id"": null, ""ampol_id"": null, ""ocm_operator_id"": null}]"
l_8dd4f9550e32b973cda3,dc_connector_types,"[""CCS (Type 1); CHAdeMO"", ""CCS (Type 2); CHAdeMO""]","Source observations retained; naming, coverage, conditions or dates may differ. No automatic overwrite.",connector_physical_type_conflict,"[{""attribute"": ""dc_connector_types"", ""value"": ""CCS (Type 2); CHAdeMO"", ""scope"": ""site"", ""source_file"": ""data/raw/ocm/OCM-156010.json"", ""ocm_id"": 156010, ""osm_id"": null, ""jolt_id"": null, ""ampol_id"": null, ""ocm_operator_id"": null}, {""attribute"": ""dc_connector_types"", ""value"": ""CCS (Type 1); CHAdeMO"", ""scope"": ""site"", ""source_file"": ""data/raw/osm_chargers.json"", ""ocm_id"": null, ""osm_id"": ""node/8253300980"", ""jolt_id"": null, ""ampol_id"": null, ""ocm_operator_id"": null}]"
l_9538e5057439c6ff0cb4,dc_connector_types,"[""CCS (Type 2)"", ""Tesla Supercharger""]","Source observations retained; naming, coverage, conditions or dates may differ. No automatic overwrite.",connector_tesla_naming_or_hardware_review,"[{""attribute"": ""dc_connector_types"", ""value"": ""CCS (Type 2)"", ""scope"": ""site"", ""source_file"": ""data/raw/ocm/OCM-128371.json"", ""ocm_id"": 128371, ""osm_id"": null, ""jolt_id"": null, ""ampol_id"": null, ""ocm_operator_id"": null}, {""attribute"": ""dc_connector_types"", ""value"": ""Tesla Supercharger"", ""scope"": ""site"", ""source_file"": ""data/raw/osm_chargers.json"", ""ocm_id"": null, ""osm_id"": ""node/6517096170"", ""jolt_id"": null, ""ampol_id"": null, ""ocm_operator_id"": null}]"
l_9725f8739754cc2e95f6,dc_connector_types,"[""CCS (Type 2)"", ""CCS (Type 2); CHAdeMO""]","Source observations retained; naming, coverage, conditions or dates may differ. No automatic overwrite.",connector_set_inclusion,"[{""attribute"": ""dc_connector_types"", ""value"": ""CCS (Type 2); CHAdeMO"", ""scope"": ""site"", ""source_file"": ""data/raw/ocm/OCM-191955.json"", ""ocm_id"": 191955, ""osm_id"": null, ""jolt_id"": null, ""ampol_id"": null, ""ocm_operator_id"": null}, {""attribute"": ""dc_connector_types"", ""value"": ""CCS (Type 2)"", ""scope"": ""site"", ""source_file"": ""data/raw/osm_chargers.json"", ""ocm_id"": null, ""osm_id"": ""node/6759463884"", ""jolt_id"": null, ""ampol_id"": null, ""ocm_operator_id"": null}]"
l_9e7a0beca84a7d9e019d,dc_connector_types,"[""CCS (Type 2)"", ""CCS (Type 2); CHAdeMO""]","Source observations retained; naming, coverage, conditions or dates may differ. No automatic overwrite.",connector_set_inclusion,"[{""attribute"": ""dc_connector_types"", ""value"": ""CCS (Type 2); CHAdeMO"", ""scope"": ""site"", ""source_file"": ""data/raw/ocm/OCM-190861.json"", ""ocm_id"": 190861, ""osm_id"": null, ""jolt_id"": null, ""ampol_id"": null, ""ocm_operator_id"": null}, {""attribute"": ""dc_connector_types"", ""value"": ""CCS (Type 2)"", ""scope"": ""site"", ""source_file"": ""data/raw/osm_chargers.json"", ""ocm_id"": null, ""osm_id"": ""node/6460781765"", ""jolt_id"": null, ""ampol_id"": null, ""ocm_operator_id"": null}]"
l_9e972a90d9c046302d2d,dc_connector_types,"[""CCS (Type 2)"", ""Tesla Supercharger""]","Source observations retained; naming, coverage, conditions or dates may differ. No automatic overwrite.",connector_tesla_naming_or_hardware_review,"[{""attribute"": ""dc_connector_types"", ""value"": ""CCS (Type 2)"", ""scope"": ""site"", ""source_file"": ""data/raw/ocm/OCM-121552.json"", ""ocm_id"": 121552, ""osm_id"": null, ""jolt_id"": null, ""ampol_id"": null, ""ocm_operator_id"": null}, {""attribute"": ""dc_connector_types"", ""value"": ""Tesla Supercharger"", ""scope"": ""site"", ""source_file"": ""data/raw/osm_chargers.json"", ""ocm_id"": null, ""osm_id"": ""node/8302152508"", ""jolt_id"": null, ""ampol_id"": null, ""ocm_operator_id"": null}]"
l_9faf5dd65d8e18b735f3,dc_connector_types,"[""CCS (Type 2)"", ""Tesla Supercharger""]","Source observations retained; naming, coverage, conditions or dates may differ. No automatic overwrite.",connector_tesla_naming_or_hardware_review,"[{""attribute"": ""dc_connector_types"", ""value"": ""CCS (Type 2)"", ""scope"": ""site"", ""source_file"": ""data/raw/ocm/OCM-297859.json"", ""ocm_id"": 297859, ""osm_id"": null, ""jolt_id"": null, ""ampol_id"": null, ""ocm_operator_id"": null}, {""attribute"": ""dc_connector_types"", ""value"": ""Tesla Supercharger"", ""scope"": ""site"", ""source_file"": ""data/raw/osm_chargers.json"", ""ocm_id"": null, ""osm_id"": ""node/11842613041"", ""jolt_id"": null, ""ampol_id"": null, ""ocm_operator_id"": null}]"
l_a571645e8251a1425054,dc_connector_types,"[""CCS (Type 2)"", ""Tesla Supercharger""]","Source observations retained; naming, coverage, conditions or dates may differ. No automatic overwrite.",connector_tesla_naming_or_hardware_review,"[{""attribute"": ""dc_connector_types"", ""value"": ""CCS (Type 2)"", ""scope"": ""site"", ""source_file"": ""data/raw/ocm/OCM-129982.json"", ""ocm_id"": 129982, ""osm_id"": null, ""jolt_id"": null, ""ampol_id"": null, ""ocm_operator_id"": null}, {""attribute"": ""dc_connector_types"", ""value"": ""Tesla Supercharger"", ""scope"": ""site"", ""source_file"": ""data/raw/osm_chargers.json"", ""ocm_id"": null, ""osm_id"": ""way/762728901"", ""jolt_id"": null, ""ampol_id"": null, ""ocm_operator_id"": null}]"
l_bad37c5230a82b6f4b4c,fee_vs_usage_cost_text,"[""60c / 54c for members"", ""no""]",fee=no coexists with explicit positive cost text; review dates and charging/parking/member conditions. Neither source is overridden.,fee_semantic_review,"[{""attribute"": ""fee"", ""value"": ""no"", ""scope"": ""site"", ""source_file"": ""data/raw/osm_chargers.json"", ""ocm_id"": null, ""osm_id"": ""node/6460798626"", ""jolt_id"": null, ""ampol_id"": null, ""ocm_operator_id"": null}, {""attribute"": ""usage_cost_text"", ""value"": ""60c / 54c for members"", ""scope"": ""site"", ""source_file"": ""data/raw/ocm/OCM-191958.json"", ""ocm_id"": 191958, ""osm_id"": null, ""jolt_id"": null, ""ampol_id"": null, ""ocm_operator_id"": null}]"
l_bc43dfca880ffb942ad0,dc_connector_types,"[""CCS (Type 2)"", ""Tesla Supercharger""]","Source observations retained; naming, coverage, conditions or dates may differ. No automatic overwrite.",connector_tesla_naming_or_hardware_review,"[{""attribute"": ""dc_connector_types"", ""value"": ""CCS (Type 2)"", ""scope"": ""site"", ""source_file"": ""data/raw/ocm/OCM-266620.json"", ""ocm_id"": 266620, ""osm_id"": null, ""jolt_id"": null, ""ampol_id"": null, ""ocm_operator_id"": null}, {""attribute"": ""dc_connector_types"", ""value"": ""Tesla Supercharger"", ""scope"": ""site"", ""source_file"": ""data/raw/osm_chargers.json"", ""ocm_id"": null, ""osm_id"": ""node/10744631135"", ""jolt_id"": null, ""ampol_id"": null, ""ocm_operator_id"": null}]"
l_d7e8a6739689bf98ee77,dc_connector_types,"[""CCS (Type 2)"", ""CCS (Type 2); CHAdeMO""]","Source observations retained; naming, coverage, conditions or dates may differ. No automatic overwrite.",connector_set_inclusion,"[{""attribute"": ""dc_connector_types"", ""value"": ""CCS (Type 2); CHAdeMO"", ""scope"": ""site"", ""source_file"": ""data/raw/ocm/OCM-190668.json"", ""ocm_id"": 190668, ""osm_id"": null, ""jolt_id"": null, ""ampol_id"": null, ""ocm_operator_id"": null}, {""attribute"": ""dc_connector_types"", ""value"": ""CCS (Type 2)"", ""scope"": ""site"", ""source_file"": ""data/raw/osm_chargers.json"", ""ocm_id"": null, ""osm_id"": ""node/10772401236"", ""jolt_id"": null, ""ampol_id"": null, ""ocm_operator_id"": null}]"
l_e9d9d981d53b62bc86f6,dc_connector_types,"[""CCS (Type 2)"", ""Tesla Supercharger""]","Source observations retained; naming, coverage, conditions or dates may differ. No automatic overwrite.",connector_tesla_naming_or_hardware_review,"[{""attribute"": ""dc_connector_types"", ""value"": ""CCS (Type 2)"", ""scope"": ""site"", ""source_file"": ""data/raw/ocm/OCM-171146.json"", ""ocm_id"": 171146, ""osm_id"": null, ""jolt_id"": null, ""ampol_id"": null, ""ocm_operator_id"": null}, {""attribute"": ""dc_connector_types"", ""value"": ""Tesla Supercharger"", ""scope"": ""site"", ""source_file"": ""data/raw/osm_chargers.json"", ""ocm_id"": null, ""osm_id"": ""node/7140188595"", ""jolt_id"": null, ""ampol_id"": null, ""ocm_operator_id"": null}]"
l_eead85d23984e6a813de,dc_connector_types,"[""CCS (Type 2)"", ""CCS (Type 2); CHAdeMO""]","Source observations retained; naming, coverage, conditions or dates may differ. No automatic overwrite.",connector_set_inclusion,"[{""attribute"": ""dc_connector_types"", ""value"": ""CCS (Type 2); CHAdeMO"", ""scope"": ""site"", ""source_file"": ""data/raw/ocm/OCM-238124.json"", ""ocm_id"": 238124, ""osm_id"": null, ""jolt_id"": null, ""ampol_id"": null, ""ocm_operator_id"": null}, {""attribute"": ""dc_connector_types"", ""value"": ""CCS (Type 2)"", ""scope"": ""site"", ""source_file"": ""data/raw/osm_chargers.json"", ""ocm_id"": null, ""osm_id"": ""node/9765677232"", ""jolt_id"": null, ""ampol_id"": null, ""ocm_operator_id"": null}]"
l_f9ba087aa70daec660fd,dc_connector_types,"[""CCS (Type 2)"", ""Tesla CCS; Tesla Supercharger""]","Source observations retained; naming, coverage, conditions or dates may differ. No automatic overwrite.",connector_tesla_naming_or_hardware_review,"[{""attribute"": ""dc_connector_types"", ""value"": ""CCS (Type 2)"", ""scope"": ""site"", ""source_file"": ""data/raw/ocm/OCM-79490.json"", ""ocm_id"": 79490, ""osm_id"": null, ""jolt_id"": null, ""ampol_id"": null, ""ocm_operator_id"": null}, {""attribute"": ""dc_connector_types"", ""value"": ""Tesla CCS; Tesla Supercharger"", ""scope"": ""site"", ""source_file"": ""data/raw/osm_chargers.json"", ""ocm_id"": null, ""osm_id"": ""node/6816990777"", ""jolt_id"": null, ""ampol_id"": null, ""ocm_operator_id"": null}]"
