location_id,jolt_id,distance_m,address_similarity,same_operator,postcode_conflict,source_address_conflict,extended_address_conflict,eligible,score,decision,source_address,external_address,source_operator,external_operator,address_exception_applied,address_exception_review_id,address_exception_record_id,address_exception_source_file,address_exception_evidence_sha256,address_exception_reason
l_9deadb2a0afc611a6cea,40,21.295982459978664,1.0,True,False,False,,True,0.9538587046700462,accepted,"1 Park St, Sydney, 2103","1 Park St, Mona Vale NSW 2103",JOLT,JOLT,False,,,,,
l_9deadb2a0afc611a6cea,30,75.95585462811057,0.5,True,False,False,,True,0.6604289816390938,lower_rank,"1 Park St, Sydney, 2103","7 Bungan St, Mona Vale NSW 2103",JOLT,JOLT,False,,,,,
l_a5498827d90b39a68d32,54,171.1958241513405,0.2222222222222222,False,False,False,,False,0.35685349211654005,rejected_evidence,"1/9 Railway Parade, Kogarah NSW 2217","2 Premier St, Kogarah NSW 2217, Australia",Evie,JOLT,False,,,,,
l_57090e8917e081d6ef4c,142,0.02002087355922532,1.0,True,False,False,,True,0.9999566214406217,accepted,"1068 Pittwater Rd, Sydney, 2097","1068 Pittwater Rd, Collaroy NSW 2097, Australia",JOLT,JOLT,False,,,,,
l_579ccd1676de5b9150b2,69,0.1190243323751001,1.0,True,False,False,,True,0.9997421139465206,accepted,"109 Beecroft Rd, Sydney, 2119","109 Beecroft Rd, Beecroft NSW 2119",JOLT,JOLT,False,,,,,
l_c048af57dbf60de22d03,310,0.06904266994025422,0.8571428571428571,True,False,False,house_number_conflict,False,0.9498504075484628,rejected_evidence,"11 Scott St, Sydney, 2170","3 Scott St, Liverpool NSW 2170, Australia",JOLT,JOLT,False,,,,,
l_b2a6b868435fa8184251,33,17.128028741154765,1.0,True,False,False,,True,0.9628892710608313,accepted,"110 Anzac Pde, Sydney, 2033","110 Anzac Parade, Kensington NSW 2033",JOLT,JOLT,False,,,,,
l_3ff070fbbce13f553c1b,169,26.48991608508129,0.8387096774193549,True,False,False,,True,0.8861535689124314,accepted,"1106 Barrenjoey Rd, Sydney, 2108","Barrenjoey Rd, Palm Beach NSW 2108, Australia",JOLT,JOLT,False,,,,,
l_764fe7ec72c62a349d0f,63,0.10285110968933424,1.0,True,False,False,,True,0.9997771559290064,accepted,"11-37 Alexandria Pde, Sydney, 2077","11-37 Alexandria Parade, Waitara NSW 2077, Australia",JOLT,JOLT,False,,,,,
l_03e6f427da6ee3830ad9,32,0.08955894254430011,1.0,True,False,False,,True,0.9998059556244874,accepted,"133 Liverpool Rd, Sydney, 2134","133 Liverpool Road, Burwood NSW 2134",JOLT,JOLT,False,,,,,
l_67819e1b2bc20caf233a,43,16.048890902226375,0.896551724137931,True,False,False,,True,0.929020506493452,accepted,"14 Everton Rd, Sydney, 2135","14-26 Everton Rd, Strathfield NSW 2135",JOLT,JOLT,False,,,,,
l_fdd11429b00958ad0bd7,50,0.04331720409418377,1.0,True,False,False,,True,0.9999061460577959,accepted,"141 Morgan St, Sydney, 2209","141 Morgan St, Beverly Hills NSW 2209",JOLT,JOLT,False,,,,,
l_97d544f4c0f280a6d782,298,0.10796675900093018,1.0,True,False,False,,True,0.9997660720221647,accepted,"149 Alison Rd, Sydney, 2031","149 Alison Rd, Randwick NSW 2031, Australia",JOLT,JOLT,False,,,,,
l_926d39efdf251af0d11d,139,21.728500612988736,1.0,True,False,False,,True,0.9529215820051911,ambiguous_candidates,"15 Merriville Rd, Sydney, 2155","15 Merriville Rd, Kellyville Ridge NSW 2155, Australia",JOLT,JOLT,False,,,,,
l_926d39efdf251af0d11d,138,4.357559348513795,1.0,True,False,False,,True,0.9905586214115534,ambiguous_candidates,"15 Merriville Rd, Sydney, 2155","15 Merriville Rd, Kellyville Ridge NSW 2155, Australia",JOLT,JOLT,False,,,,,
l_b7edf3f5fec503e10642,139,8.484392875939594,1.0,True,False,False,,True,0.9816171487687975,ambiguous_candidates,"15 Merriville Rd, Sydney, 2155","15 Merriville Rd, Kellyville Ridge NSW 2155, Australia",JOLT,JOLT,False,,,,,
l_b7edf3f5fec503e10642,138,26.968604147027992,1.0,True,False,False,,True,0.941568024348106,ambiguous_candidates,"15 Merriville Rd, Sydney, 2155","15 Merriville Rd, Kellyville Ridge NSW 2155, Australia",JOLT,JOLT,False,,,,,
l_e8012f15349aedbffc41,59,0.07921395993778131,1.0,True,False,False,,True,0.9998283697534681,accepted,"151 Beauchamp Rd, Sydney, 2036","151 Beauchamp Rd, Matraville NSW, Australia",JOLT,JOLT,False,,,,,
l_95c3dd4bbc007baec567,39,2.255273778297933,0.9166666666666666,True,False,False,,True,0.9659469068136879,accepted,"16 Oaks Ave, Sydney, 2099","4-16 Oaks Ave, Dee Why NSW 2099",JOLT,JOLT,False,,,,,
l_95c3dd4bbc007baec567,201,154.41361180059852,0.2222222222222222,True,False,False,,False,0.39321495220981434,rejected_evidence,"16 Oaks Ave, Sydney, 2099","725 Pittwater Rd, Dee Why NSW 2099, Australia",JOLT,JOLT,False,,,,,
l_70777e985ad5b5b9ee99,52,0.09248565799185723,1.0,True,False,False,,True,0.9997996144076843,accepted,"17 Stanley St, Sydney, 2210","17 Stanley St, Peakhurst NSW 2210",JOLT,JOLT,False,,,,,
l_24530937e3d61418af78,298,78.34785934765435,0.32,False,False,False,,False,0.592246304746749,rejected_evidence,"18 Silver St, Sydney, 2031","149 Alison Rd, Randwick NSW 2031, Australia",Chargefox,JOLT,False,,,,,
l_aa57b6532f170da081eb,54,179.81466959794696,0.2222222222222222,False,False,False,,False,0.338179326982226,rejected_evidence,"1-9 Railway Parade, Kogarah NSW 2217","2 Premier St, Kogarah NSW 2217, Australia",Evie,JOLT,False,,,,,
l_0f67a9435af17f08cf79,31,0.03240665369459283,1.0,True,False,False,,True,0.9999297855836617,accepted,"19 Richmond Rd, Sydney, 2140","19 Richmond Rd, Homebush West NSW 2140",JOLT,JOLT,False,,,,,
l_0874e282f6c5390a87cc,184,79.85516478223832,0.9230769230769231,False,False,False,house_number_conflict,False,0.8000573993820734,rejected_evidence,"19 Windsor Rd, Sydney, 2155","29 Windsor Rd, Kellyville 2155 NSW",BP Pulse (AU),JOLT,False,,,,,
l_9cb1c346be2ed5832926,54,0.10040635327412295,1.0,True,False,False,,True,0.9997824529012395,accepted,"2 Premier St, Sydney, 2217","2 Premier St, Kogarah NSW 2217, Australia",JOLT,JOLT,False,,,,,
l_a98884c7b5b79e35088f,55,99.47861756325152,0.5,True,False,False,,True,0.6094629952796218,accepted,"22 Cook Ln, Sydney, 2223","30-38 Cooks Street, Mortdale NSW 2223",JOLT,JOLT,False,,,,,
l_ed98349f6a8f0240a5c3,42,0.12945097810648948,0.8571428571428571,True,False,False,,True,0.9497195228807693,accepted,"22-24 Park Ave, Sydney, 2134","22-36 Park Ave, Burwood NSW 2134",JOLT,JOLT,False,,,,,
l_eb0ffbfcd4758036faaa,141,22.51606274109683,1.0,True,False,False,,True,0.9512151973942902,ambiguous_candidates,"2260 Camden Valley Way, Sydney, 2170","2260 Camden Valley Way, Casula NSW 2170, Australia",JOLT,JOLT,False,,,,,
l_eb0ffbfcd4758036faaa,140,7.711259578910771,1.0,True,False,False,,True,0.98329227091236,ambiguous_candidates,"2260 Camden Valley Way, Sydney, 2170","2260 Camden Valley Way, Casula NSW 2170, Australia",JOLT,JOLT,False,,,,,
l_5617df25e7fc5dc3ef32,141,0.05973054634353305,1.0,True,False,False,,True,0.9998705838162557,ambiguous_candidates,"2260 Camden Valley Way, Sydney, 2170","2260 Camden Valley Way, Casula NSW 2170, Australia",JOLT,JOLT,False,,,,,
l_5617df25e7fc5dc3ef32,140,23.67488411074517,1.0,True,False,False,,True,0.9487044177600521,ambiguous_candidates,"2260 Camden Valley Way, Sydney, 2170","2260 Camden Valley Way, Casula NSW 2170, Australia",JOLT,JOLT,False,,,,,
l_d1876bc476f9ae838287,282,0.09009840507551338,1.0,True,False,False,,True,0.9998047867890031,accepted,"230 Arden St, Sydney, 2034","230 Arden St, Coogee NSW 2034, Australia",JOLT,JOLT,False,,,,,
l_a1a130c747718c4382b3,281,216.8317018348485,0.8571428571428571,False,False,False,house_number_conflict,False,0.4801979793578282,rejected_evidence,"247 Belmore Rd, Riverwood NSW 2210","293 Belmore Rd, Riverwood NSW 2210, Australia",Evie,JOLT,False,,,,,
l_6ae47c835af3f21a6b61,93,39.18774453839011,1.0,True,False,False,,True,0.9150932201668215,accepted,"25-47 Ocean St, Sydney, 2101","25-47 Ocean St, Narrabeen NSW 2101",JOLT,JOLT,False,,,,,
l_0edc9c6d28382f4aca94,39,87.69440546062668,0.7407407407407407,False,False,False,house_number_conflict,False,0.7192547140945681,rejected_evidence,"27-33 Oaks Ave, Dee Why NSW 2099","4-16 Oaks Ave, Dee Why NSW 2099",Evie,JOLT,False,,,,,
l_0edc9c6d28382f4aca94,201,239.70383759860297,0.2,False,False,False,,False,0.2006416852030269,rejected_evidence,"27-33 Oaks Ave, Dee Why NSW 2099","725 Pittwater Rd, Dee Why NSW 2099, Australia",Evie,JOLT,False,,,,,
l_0168b8c639892dfe942b,184,0.06906832178391782,1.0,True,False,False,,True,0.9998503519694681,accepted,"29 Windsor Rd, Sydney, 2155","29 Windsor Rd, Kellyville 2155 NSW",JOLT,JOLT,False,,,,,
l_12d525d5e53904464fa2,281,0.12968314607878403,1.0,True,False,False,,True,0.9997190198501626,accepted,"293 Belmore Rd, Sydney, 2210","293 Belmore Rd, Riverwood NSW 2210, Australia",JOLT,JOLT,False,,,,,
l_0677e5b44489c9847510,41,0.08571858451517161,1.0,True,False,False,,True,0.9998142764002171,accepted,"30 Dowling St, Sydney, 2096","30 Dowling St, Freshwater NSW 2096",JOLT,JOLT,False,,,,,
l_183e4a9531849b98ff98,110,23.228995758215838,0.8947368421052632,True,False,False,,True,0.9128284039273744,accepted,"302-312 Parramatta Rd, Sydney, 2134","312 Parramatta Rd, Burwood NSW 2134, Australia",JOLT,JOLT,False,,,,,
l_dffe26aa2d90e923acd9,49,0.10136105663095034,0.8888888888888888,True,False,False,,True,0.9608914954884107,accepted,"31 Treacy St, Sydney, 2220","31-49 Treacy St, Hurstville NSW 2220",JOLT,JOLT,False,,,,,
l_74ce8341afe66ed31fbb,119,6.5591162135282115,1.0,True,False,False,,True,0.9857885815373556,accepted,"40 Panmure St, Sydney, 2155","40 Panmure St, Rouse Hill NSW 2155, Australia",JOLT,JOLT,False,,,,,
l_9afb2913db4a974f4d6e,51,0.051854487299174724,1.0,True,False,False,,True,0.9998876486108518,accepted,"44 Broadarrow Rd, Sydney, 2209","44 Broadarrow Rd, Narwee NSW 2209",JOLT,JOLT,False,,,,,
l_93492e0b4693072c4129,198,0.0725024957592063,1.0,True,True,False,,False,0.9998429112591883,rejected_evidence,"472 Pacific Hwy, Sydney, 2066","472 Pacific Hwy, Artarmon NSW 2064, Australia",JOLT,JOLT,False,,,,,
l_d465760304eed49e1820,62,10.92667434983134,0.8275862068965517,True,False,False,house_number_conflict,False,0.9159807113224918,rejected_evidence,"54 Brighton St, Sydney, 2132","110 Brighton St, Croydon NSW 2132",JOLT,JOLT,False,,,,,
l_2c8f1849230514db6fe6,58,0.08392051415416857,1.0,True,False,False,,True,0.9998181722193326,accepted,"550 Bunnerong Rd, Sydney, 2036","550 Bunnerong Rd, Matraville NSW 2036, Australia",JOLT,JOLT,False,,,,,
l_40adcdc1cd8bac03aed4,37,6.69275051270079,1.0,True,False,False,,True,0.9854990405558149,accepted,"59 The Centre, Sydney, 2087","59 The Centre, Forestville NSW 2087",JOLT,JOLT,False,,,,,
l_d7be5e373b06278feb7a,63,217.03614579111473,0.16216216216216217,False,False,False,,False,0.23651177420934152,rejected_evidence,"59-61 Pacific Hwy Cnr Unwin Rd, Waitara, NSW, 2077","11-37 Alexandria Parade, Waitara NSW 2077, Australia",Ampol AmpCharge,JOLT,False,,,,,
l_63d806aa24fd4f9214d5,123,13.276042381593193,1.0,True,False,False,,True,0.9712352415065482,ambiguous_candidates,"670 Richmond Rd, Sydney, 2761","670 Richmond Rd, Glendenning NSW 2761, Australia",JOLT,JOLT,False,,,,,
l_63d806aa24fd4f9214d5,122,4.93266988300427,1.0,True,False,False,,True,0.989312548586824,ambiguous_candidates,"670 Richmond Rd, Sydney, 2761","670 Richmond Rd, Glendenning NSW 2761, Australia",JOLT,JOLT,False,,,,,
l_9b34ff9cc84f6fae0e90,40,57.52086105981564,0.5,True,False,False,,True,0.7003714677037327,lower_rank,"7 Bungan St, Sydney, 2103","1 Park St, Mona Vale NSW 2103",JOLT,JOLT,False,,,,,
l_9b34ff9cc84f6fae0e90,30,0.062045014109485264,1.0,True,False,False,,True,0.9998655691360961,accepted,"7 Bungan St, Sydney, 2103","7 Bungan St, Mona Vale NSW 2103",JOLT,JOLT,False,,,,,
l_e80c0c3eb8aac38325c0,39,152.33435009616358,0.20689655172413793,True,False,False,,False,0.39235603456176055,rejected_evidence,"725 Pittwater Rd, Sydney, 2099","4-16 Oaks Ave, Dee Why NSW 2099",JOLT,JOLT,False,,,,,
l_e80c0c3eb8aac38325c0,201,0.07112543780618386,1.0,True,False,False,,True,0.9998458948847533,accepted,"725 Pittwater Rd, Sydney, 2099","725 Pittwater Rd, Dee Why NSW 2099, Australia",JOLT,JOLT,False,,,,,
l_74fbe0e1e32ee23786fb,57,0.09420183231741178,0.8666666666666667,True,False,False,,True,0.9531292293633123,accepted,"819-827 Anzac Pde, Sydney, 2035","827 Anzac Parade, Maroubra NSW 2035",JOLT,JOLT,False,,,,,
l_d5a7e7effa89f137384f,92,0.06620094780640873,1.0,True,False,False,,True,0.9998565646130861,accepted,"87 Winbourne Rd, Sydney, 2100","87 Winbourne Rd, Brookvale NSW 2100",JOLT,JOLT,False,,,,,
l_3dac50db68c7b9c1c02a,57,39.403969229464415,0.9230769230769231,False,False,False,house_number_conflict,False,0.8877016564130835,rejected_evidence,"872 Anzac Pde, Sydney, 2035","827 Anzac Parade, Maroubra NSW 2035",Evie,JOLT,False,,,,,
l_6c95fadb8ce41a0f8e4d,39,63.302093533470675,0.20689655172413793,False,False,False,,False,0.5852592571142619,rejected_evidence,"888 Pittwater Rd, Sydney, 2099","4-16 Oaks Ave, Dee Why NSW 2099",Tesla,JOLT,False,,,,,
l_6c95fadb8ce41a0f8e4d,201,120.06077451147961,0.8125,False,False,False,house_number_conflict,False,0.6742433218917943,rejected_evidence,"888 Pittwater Rd, Sydney, 2099","725 Pittwater Rd, Dee Why NSW 2099, Australia",Tesla,JOLT,False,,,,,
l_bdd96fd222fbf38d8abb,91,11.686033420816473,1.0,True,False,False,,True,0.9746802609215643,accepted,"9 Lagoon St, Sydney, 2101","9 Lagoon St, Narrabeen NSW 2101",JOLT,JOLT,False,,,,,
l_bdd96fd222fbf38d8abb,200,107.15900270978067,0.08695652173913043,True,False,False,,False,0.44825694340417094,rejected_evidence,"9 Lagoon St, Sydney, 2101","Pittwater Road, Narrabeen NSW 2101",JOLT,JOLT,False,,,,,
l_7cd39b2dd85100bb238a,136,0.690884735100643,0.8461538461538461,True,False,False,,True,0.9446569292277949,accepted,"Berowra Railway Station, Pacific Highway, Berowra, New South Wales 2081, Australia","993 Pacific Hwy, Berowra NSW 2081, Australia",JOLT,JOLT,False,,,,,
l_afdf5670ac33c6469f91,134,8.665463185248944,0.43478260869565216,True,False,False,,True,0.7833987428087723,accepted,"Cronulla Railway Station, Tonkin Street, Cronulla, New South Wales 2230, Australia","2A Cronulla St, Cronulla NSW 2230, Australia",JOLT,JOLT,False,,,,,
l_29a8eecc85684b5f97c6,112,67.87905531284215,0.8571428571428571,True,False,False,,True,0.8029287134888421,lower_rank,"Gardeners Rd, Sydney, 2020","904 Gardeners Rd, Mascot NSW 2020, Australia
Carpark open 8:30-19:00",JOLT,JOLT,False,,,,,
l_29a8eecc85684b5f97c6,111,2.2705967952499333,0.8571428571428571,True,False,False,,True,0.9450803736102917,accepted,"Gardeners Rd, Sydney, 2020","904 Gardeners Rd, Mascot NSW 2020
Carpark open 8:30-19:00",JOLT,JOLT,False,,,,,
l_4718a5a8373d9d0b8d97,112,0.08471836975196044,0.8571428571428571,True,False,False,,True,0.9498164435322041,accepted,"Gardeners Rd, Sydney, 2020","904 Gardeners Rd, Mascot NSW 2020, Australia
Carpark open 8:30-19:00",JOLT,JOLT,False,,,,,
l_4718a5a8373d9d0b8d97,111,65.69449081134067,0.8571428571428571,True,False,False,,True,0.8076619365754285,lower_rank,"Gardeners Rd, Sydney, 2020","904 Gardeners Rd, Mascot NSW 2020
Carpark open 8:30-19:00",JOLT,JOLT,False,,,,,
l_4daecd0397a35fc0048a,48,232.49681840680105,0.2608695652173913,True,False,False,,False,0.23756124127801803,rejected_evidence,"Oatley Railway Station, Oatley Pde, Oatley, New South Wales 2223, Australia","20 Letitia Street, Oatley NSW 2223",JOLT,JOLT,False,,,,,
l_4daecd0397a35fc0048a,133,6.665717654252713,0.9090909090909091,True,False,False,,True,0.9537394299309372,accepted,"Oatley Railway Station, Oatley Pde, Oatley, New South Wales 2223, Australia","2 Oatley Parade, Oatley NSW 2223, Australia",JOLT,JOLT,False,,,,,
l_a7d11396ec58cb710c38,110,267.97950439134144,0.8666666666666667,False,False,False,,False,0.37271107381876023,rejected_evidence,"Parramatta Rd 214, Sydney, 2134","312 Parramatta Rd, Burwood NSW 2134, Australia",Everty,JOLT,False,,,,,
l_a2a03a1ddf37874d0119,129,1.1115780915319753,0.8235294117647058,True,False,False,,True,0.9358268749193278,accepted,"Penrith Railway Station, Jane St, Penrith, New South Wales 2750, Australia","31 Jane St, Penrith NSW 2750, Australia",JOLT,JOLT,False,,,,,
l_8f58931cf945392bd70e,91,95.95464226297159,0.08695652173913043,True,False,False,,True,0.47253305770559056,lower_rank,"Pittwater Road, Sydney, 2101","9 Lagoon St, Narrabeen NSW 2101",JOLT,JOLT,False,,,,,
l_8f58931cf945392bd70e,200,0.0903198609519097,1.0,True,False,False,,True,0.9998043069679375,accepted,"Pittwater Road, Sydney, 2101","Pittwater Road, Narrabeen NSW 2101",JOLT,JOLT,False,,,,,
l_0df753d1b53086db050d,135,1.2831914423880761,0.38095238095238093,True,False,False,,True,0.7805530852081591,accepted,"Rosevillle Railway Station, Hill Street, Roseville, New South Wales 2069, Australia","1 Clanville Rd, Roseville NSW 2069, Australia

Temporarily compatible with front charging ONLY",JOLT,JOLT,False,,,,,
l_b4a12ab004b6d7395619,57,88.77850079652517,0.8461538461538461,False,False,False,house_number_conflict,False,0.753800427761375,rejected_evidence,924 Anzac Pde Maroubra NSW 2035 Australia,"827 Anzac Parade, Maroubra NSW 2035",Evie,JOLT,False,,,,,
