location_id,ocm_id,distance_m,address_similarity,same_operator,postcode_conflict,source_address_conflict,extended_address_conflict,eligible,score,decision,source_address,external_address,source_operator,external_operator,address_exception_applied,address_exception_review_id,address_exception_record_id,address_exception_source_file,address_exception_evidence_sha256,address_exception_reason,exclusion_review_id
l_525794e991b51357265b,272521,65.27786536370579,0.2222222222222222,True,False,False,,True,0.5863424028230819,accepted,"01 Wallgrove Road, Sydney, 2766",BP Truckstop,BP Pulse (AU),BP Pulse (AU),False,,,,,,
l_705ce103d05dd463509e,190678,0.0,1.0,True,False,False,,True,1.0,accepted,"1 - 7 Ross St, Wilcannia NSW 2836, Australia",1-7 Ross St,NRMA,NRMA,False,,,,,,
l_fbcee1e03e94d9ac4c0f,100404,57.18317652588239,1.0,True,True,False,,False,0.8761031175272548,rejected_evidence,"1 Bay St, Sydney, 2037",1 Bay Street,Tesla,Tesla,False,,,,,,
l_da58da3983b51b5b0ac5,272613,156.6649247683122,0.4444444444444444,False,True,False,,False,0.4661148852242124,rejected_evidence,"1 Frederick St, Sydney, 2064",65 Reserve Road,Evie,Chargefox,False,,,,,,
l_68291ad118eee7eaf940,272688,125.40780406982019,1.0,True,False,False,,True,0.7282830911820563,accepted,"1 Ingham Dr, Casula NSW 2170",1 Ingham Dr,Evie,Evie,False,,,,,,
l_9deadb2a0afc611a6cea,192929,5.723532188309091,1.0,True,False,False,,True,0.987599013591997,external_poi_reused_review,"1 Park St, Sydney, 2103",1 Park St,JOLT,JOLT,False,,,,,,
l_9deadb2a0afc611a6cea,190757,64.06431445037303,0.5,True,False,False,,True,0.6861939853575252,lower_rank,"1 Park St, Sydney, 2103",2 Bungan St,JOLT,JOLT,False,,,,,,
l_9c55cbf88f358f6734fc,157566,138.2342919925911,0.2857142857142857,False,False,False,,False,0.45049236734938597,rejected_evidence,"1 Perry St, Batemans Bay, 2536",2A Beach Road,Evie,NRMA,False,,,,,,
l_142053f2eea015c3fabc,272632,274.47116437696275,0.37037037037037035,False,False,False,,False,0.18494210681287698,rejected_evidence,"1 Plunkett St, Sydney, 2065",88 Christie St,Exploren,Evie,False,,,,,,
l_9da5faf300fd10acd433,79311,0.05941535492023806,0.2222222222222222,True,False,False,,True,0.7276490445087839,accepted,"10 Winery Dr, Port Macquarie, 2444",764 Pacific Highway,Tesla,Tesla,False,,,,,,
l_75b8ce0254cd2db487a7,172921,29.90008859604135,0.9285714285714286,True,False,False,house_number_conflict,False,0.910216474708577,rejected_evidence,"1067 Oxley Hwy, Thrumster, 2444",1063 Oxley Highway,Chargefox,Chargefox,False,,,,,,
l_8416f791abd4d41697fe,480135,0.0,1.0,True,False,False,,True,1.0,accepted,"10W Apsley St, Walcha NSW 2354, Australia",10W Apsley Street,NRMA,NRMA,False,,,,,,
l_1613ca64d30e734b161f,190394,47.9034368391397,0.896551724137931,True,False,False,,True,0.8600023236301398,accepted,"11 Ewingsdale Rd, Ewingsdale, 2481",Ewingsdale Road,NRMA,NRMA,False,,,,,,
l_b2a6b868435fa8184251,190875,17.967844737151715,1.0,True,False,False,,True,0.9610696697361713,accepted,"110 Anzac Pde, Sydney, 2033",110 Anzac Pde,JOLT,JOLT,False,,,,,,
l_3ff070fbbce13f553c1b,295979,23.419187687295878,0.8387096774193549,True,False,False,,True,0.8928068137742997,accepted,"1106 Barrenjoey Rd, Sydney, 2108",Barrenjoey Road,JOLT,JOLT,False,,,,,,
l_764fe7ec72c62a349d0f,278525,215.8749791934063,0.21052631578947367,False,False,False,,False,0.25595508894060215,rejected_evidence,"11-37 Alexandria Pde, Sydney, 2077","Corner Pacific Highway, Unwin Road",JOLT,Ampol AmpCharge,False,,,,,,
l_519de0877082b81f2941,266500,0.0,1.0,True,False,False,,True,1.0,accepted,"116 Liverpool St, Scone, NSW 2337, Australia",116 Liverpool Street,NRMA,NRMA,False,,,,,,
l_18260143f953bb72e108,272624,79.7404414854944,1.0,True,False,False,,True,0.8272290434480954,accepted,"1183-1187 The Horsley Dr, Sydney, 2164",1183-1187 The Horsley Drive,Chargefox,Chargefox,False,,,,,,
l_9b366990e3581dafad13,272624,44.934105346764206,1.0,False,False,False,,False,0.9026427717486776,rejected_evidence,"1183-1187 The Horsley Dr, Wetherill Park NSW 2164",1183-1187 The Horsley Drive,Engie,Chargefox,False,,,,,,
l_22c2a4f6599fdc9bab94,266586,12.615851870964594,1.0,True,False,False,,True,0.9726656542795767,accepted,"119 Stenhouse Drive, Cameron Park, 2285",119 Stenhouse Drive,Evie,Evie,False,,,,,,
l_b53c8d230a9365dc443d,279180,235.65210206711396,0.8461538461538461,True,False,False,,True,0.4355742916750992,accepted,"12 Hume Hwy, Pheasants Nest, 2574",Lot 12 Hume Hwy,Ampol AmpCharge,Ampol AmpCharge,False,,,,,,
l_b45e1b0eaa6413d79c5a,279180,290.81949745278234,0.8461538461538461,True,False,False,,False,0.3160449350061511,rejected_evidence,"12 Hume Hwy, Pheasants Nest, 2574",Lot 12 Hume Hwy,Ampol AmpCharge,Ampol AmpCharge,False,,,,,,
l_b45e1b0eaa6413d79c5a,279179,87.53552968057407,0.7857142857142857,True,False,False,,True,0.7353396856920895,accepted,"12 Hume Hwy, Pheasants Nest, 2574",Lots 1 & 2 Hume Hwy,Ampol AmpCharge,Ampol AmpCharge,False,,,,,,
l_9943cbc02fc7b64e53c8,272615,182.87056724245508,1.0,False,True,False,,False,0.6037804376413474,rejected_evidence,"12 Jacksons Rd, Warriewood NSW 2102",12 Jacksons Road,Engie,Chargefox,False,,,,,,
l_a824dbefdb5a072f5da3,273425,146.26961422370118,0.8666666666666667,False,False,False,house_number_conflict,False,0.6364158358486475,rejected_evidence,"121 Princes Hwy, Wollongong, 2519",224 Princes Hwy,Exploren,BP Pulse (AU),False,,,,,,
l_7a1f17cea4f6ed6bd924,306015,55.168496197416694,0.37037037037037035,True,False,False,,True,0.6600978878685602,accepted,"126 Mackay Ave, Yoogali, 2680",Kurrajong Avenue,Chargefox,Chargefox,False,,,,,,
l_387350027afa4774863d,274452,196.64506305574074,0.18181818181818182,False,False,False,,False,0.2875720603489254,rejected_evidence,"127 Conadilly St, Gunnedah, 2380",Kepreotes Carpark,Chargefox,(unknown operator),False,,,,,,
l_809b713e1b45a72ecb11,272673,225.0244845574251,1.0,True,False,False,,True,0.512446950125579,accepted,"128 Flood Street, Leichhardt NSW 2040",128 Flood Street,Evie,Evie,False,,,,,,
l_eead85d23984e6a813de,238124,7.322204805906158,0.7272727272727273,True,False,False,,True,0.8886806774659911,accepted,"13125 Hume Hwy, Sutton Forest, 2577",Hume Hwy,Evie,Evie,False,,,,,,
l_23a134d624929bfd15b1,190393,66.66449770217623,0.8,True,False,False,,True,0.7855602549786183,accepted,"132 Pound Street, Grafton, 2460",Pound Street,NRMA,NRMA,False,,,,,,
l_28d02cdb22393c3210e9,190670,27.35194166470748,1.0,True,False,False,,True,0.9407374597264672,external_poi_reused_review,"134 Lachlan St, Hay, 2711",134 Lachlan St,NRMA,NRMA,False,,,,,,
l_97d4a48e0cdd6fe1209f,190670,174.43144732517706,1.0,True,False,False,,True,0.6220651974621163,external_poi_reused_review,"134 Lachlan St, Hay, 2711",134 Lachlan St,NRMA,NRMA,False,,,,,,
l_59b85a2e83ea9e0cc943,273433,15.55749508239775,0.42424242424242425,True,False,False,,True,0.7647769424729867,accepted,"134-136 Grafton St, Coffs Harbour, 2450",136 Pacific Highway,BP Pulse (AU),BP Pulse (AU),False,,,,,,
l_78278d9cbcaa8a3ed72a,161845,27.19922003743987,0.0,True,False,False,,True,0.591068356585547,accepted,"140 Queen St, Berry, 2535",,NRMA,NRMA,False,,,,,,
l_34d4f73a8f6742baf37b,272617,79.68352824599556,0.75,False,False,False,street_type_conflict,False,0.7398523554670096,rejected_evidence,"141 Roselands Ave, Roselands NSW 2196",24 Roselands Drive,Engie,Chargefox,False,,,,,,
l_7e80a277fc27451959f7,172920,86.24820508323462,0.3333333333333333,False,False,False,,False,0.5797955556529917,rejected_evidence,"15 Chancellors Dr, Thrumster , 2444",John Oxley Drive,Tesla,NRMA,False,,,,,,
l_7e80a277fc27451959f7,480398,53.52053546646704,0.3333333333333333,True,False,False,,True,0.6507055064893215,accepted,"15 Chancellors Dr, Thrumster , 2444",John Oxley Drive,Tesla,Tesla,False,,,,,,
l_a42a882d90dba5b5bab2,190679,1.6099762166324094,0.35714285714285715,True,True,True,,False,0.7715117181972965,rejected_evidence,"15 Victory St, Braidwood, NSW 2622, Australia",3 Broomfield Street,NRMA,NRMA,False,,,,,,
l_0c3f30201da35fb730e7,274056,24.979210479841928,1.0,True,False,False,,True,0.9458783772936759,external_poi_reused_review,"153 Coreen Ave Cnr Castlereagh Rd, Penrith, NSW, 2750",153 Coreen Ave,Ampol AmpCharge,Ampol AmpCharge,False,,,,,,
l_9e4c2f3014a4770c851c,238125,27.864898224740458,0.7857142857142857,True,False,False,house_number_conflict,False,0.8646260538463957,rejected_evidence,"15620 Hume Hwy, Marulan, 2579",15597 Hume Hwy,BP Pulse (AU),BP Pulse (AU),False,,,,,,
l_c45a8e642136acb713f1,238126,40.359416899960664,0.7272727272727273,True,False,False,,True,0.8171000512622064,accepted,"15666 Hume Hwy, Marulan, 2579",Hume Highway,BP Pulse (AU),BP Pulse (AU),False,,,,,,
l_64059e6f54d8548ae62e,312274,192.2286055167952,0.6363636363636364,False,False,False,,False,0.45623196077421646,rejected_evidence,"157 Rouse Street, Tenterfield, NSW 2372, Australia",1 Crown St,NRMA,Tesla,False,,,,,,
l_66207c8601840754570c,190681,0.0,0.9655172413793104,True,False,False,,True,0.9879310344827587,accepted,"15c Mitchell St, Bourke, NSW 2840, Australia",15 Mitchell St,NRMA,NRMA,False,,,,,,
l_70777e985ad5b5b9ee99,192687,236.96179453983885,0.896551724137931,True,False,False,,True,0.45037588194529166,withheld_reviewed_evidence,"17 Stanley St, Sydney, 2210",17-25 Stanley St,JOLT,JOLT,False,,,,,,STANLEY_ST_OCM_WITHHELD_20260909
l_a3000912deeddde99fe7,191177,0.0,1.0,True,False,False,,True,1.0,accepted,"17 Stewart St, Wollongong NSW 2500, Australia",17 Stewart Street,NRMA,NRMA,False,,,,,,
l_246b28d63569bf18ce0a,190680,32.89353139537683,0.56,True,False,False,,True,0.7747306819766835,accepted,"18 Dandaloo St, Nyngan, NSW 2825, Australia",18 Cobar Street,NRMA,NRMA,False,,,,,,
l_24530937e3d61418af78,272630,238.2927284945065,0.32,False,False,False,,False,0.24569908826190257,rejected_evidence,"18 Silver St, Sydney, 2031",73 Belmore Road,Chargefox,Evie,False,,,,,,
l_b8c46e148a2862d60baa,265390,18.374255606937876,1.0,True,False,False,,True,0.9601891128516346,accepted,"18 Victoria Avenue, Castle Hill NSW 2154",18 Victoria Avenue,Evie,Evie,False,,,,,,
l_06c6ea1e177730f1c26f,109340,0.033562808066859906,1.0,True,False,False,,True,0.9999272805825218,accepted,"185 Princes Hwy, Narooma , 2546",185 Princes Highway,Tesla,Tesla,False,,,,,,
l_99d4a0052e642deee67a,272686,14.896255863361917,1.0,True,False,False,,True,0.9677247789627158,accepted,"188 Raglan St, Sydney, 2088",188 Raglan St,Evie,Evie,False,,,,,,
l_ef816b6b5395942c25c9,171646,150.74745177663675,0.27906976744186046,True,False,False,,False,0.4210549397552715,rejected_evidence,"19 Princes Hwy, Figtree NSW 2525, Australia",Figtree Grove Shopping Centre,Tesla,Tesla,False,,,,,,
l_0f67a9435af17f08cf79,190417,1.7321706307837546,1.0,False,True,False,,False,0.9962469636333019,rejected_evidence,"19 Richmond Rd, Sydney, 2140",19 Richmond Road,JOLT,(unknown operator),False,,,,,,
l_7bc95205a8f87ef9657c,272500,6.133553722273198,1.0,True,False,False,,True,0.9867106336017414,accepted,"2 Hercules Street, Murrumbateman, 2582",2 Hercules Street,Evie,Evie,False,,,,,,
l_368f35de34030fd756b9,460617,13.146406962727994,1.0,True,False,False,,True,0.9715161182474227,accepted,"2 Ocean Dr, Kew, 2439",2 Ocean Drive,Tesla,Tesla,False,,,,,,
l_21d7c81ae4d35fa213d5,191165,3.709588091755044,1.0,True,False,False,,True,0.9919625591345307,accepted,"2 Rosenthal Ave, Lane Cove NSW 2066",2 Rosenthal Ave,Evie,Evie,False,,,,,,
l_c8e0fb42c3b7ade7bf26,193048,28.566467553469487,0.88,True,True,False,,False,0.8961059869674828,rejected_evidence,"20 Smidmore St, Marrickville NSW 2204",Smidmore Street,Evie,Evie,False,,,,,,
l_12d587fb4815ff38fdad,235461,85.87960875054739,0.47619047619047616,True,False,False,,True,0.6305941810404806,accepted,"200 Crown St, Wollongong NSW 2500",Regent Street,Evie,Evie,False,,,,,,
l_3915fce4190876f18d00,172652,10.561739412606439,0.8888888888888888,True,False,False,,True,0.938227342383797,accepted,"201 Manning River Drive, Taree, 2430",Manning River Drive,Evie,Evie,False,,,,,,
l_5711ab1d8fc3bab1a5f8,79851,8.246272502811763,0.96,True,False,False,,True,0.9681330762439078,accepted,"201 Sloane St, Goulburn , 2580",201 Sloan St,Tesla,Tesla,False,,,,,,
l_61f32a319bbc9b809bd6,266501,130.78715687804743,1.0,True,False,False,,True,0.7166278267642305,accepted,20-22 Camden Rd Campbelltown NSW 2560 Australia,20-22 Camden Road,Tesla,Tesla,False,,,,,,
l_61f32a319bbc9b809bd6,299879,223.20372861727287,0.7407407407407407,False,False,False,house_number_conflict,False,0.4256511805885014,rejected_evidence,20-22 Camden Rd Campbelltown NSW 2560 Australia,38 Camden Rd,Tesla,Chargefox,False,,,,,,
l_9d4074fac6e1238e6536,272693,13.438136570120303,1.0,True,False,False,,True,0.9708840374314059,accepted,"221 Wolseley St, Jamisontown NSW 2750",221 Wolseley Street,Evie,Evie,False,,,,,,
l_32eb185d7df4945bac3c,273425,37.84882256004302,1.0,True,False,False,,True,0.9179942177865734,accepted,"224 Princes Hwy, Wollongong, 2519",224 Princes Hwy,BP Pulse (AU),BP Pulse (AU),False,,,,,,
l_266e266de6f4aa33872b,191162,71.21725381518755,0.9473684210526315,True,False,False,,True,0.8272748974355147,accepted,"227 Railway Terrace, Schofields NSW 2762",227 Railway Rerrace,Evie,Evie,False,,,,,,
l_f9ba087aa70daec660fd,79490,83.64505917276986,1.0,True,False,False,,True,0.8187690384589986,accepted,"2285 Pacific Hwy, Heatherbrae, 2324",2285 Pacific Highway,Tesla,Tesla,False,,,,,,
l_d39f4fc8acfc83c787e0,190392,29.205184890323885,1.0,True,False,False,,True,0.9367220994042982,accepted,"24 Cooper St, Macksville, 2447",24 Cooper St,Evie,Evie,False,,,,,,
l_bc43dfca880ffb942ad0,266620,8.487392061332036,0.9142857142857143,True,False,False,,True,0.9516106505337806,accepted,"24 Sallys Corner Rd, Exeter , 2579",Sallys Corner Rd,Tesla,Tesla,False,,,,,,
l_51489750c9bacd1f1530,273436,27.353619443239072,1.0,True,False,False,,True,0.9407338245396487,accepted,"24-42 King Georges Rd, Sydney, 2195",24-42 King Georges Road,BP Pulse (AU),BP Pulse (AU),False,,,,,,
l_7631a9743b06ffef2965,272637,13.570206484224986,1.0,True,False,False,,True,0.9705978859508458,accepted,"25 Frenchs Forest Rd E, Frenchs Forest NSW 2086",25 Frenchs Forest Rd E,Evie,Evie,False,,,,,,
l_1761162d94172575a525,307990,43.82583677197427,0.8,True,False,False,,True,0.8350440203273892,accepted,"250 Comur St, Yass, 2582",Comur Street,Chargefox,Chargefox,False,,,,,,
l_1761162d94172575a525,296045,213.88505115556796,0.3157894736842105,False,False,False,,False,0.2971087049524097,rejected_evidence,"250 Comur St, Yass, 2582",Lead Street,Chargefox,Tesla,False,,,,,,
l_41cdbd5ab07905f37d05,97619,0.08583325399730647,1.0,True,False,False,,True,0.9998140279496726,accepted,"253 Pacific Hwy, Coffs Harbour, 2450",253 Pacific Highway,Tesla,Tesla,False,,,,,,
l_e07dbfccc7fba71deef0,474459,135.95406155030122,0.2962962962962963,False,False,False,,False,0.4591365703447177,rejected_evidence,"26 Aspect Dr, Coffs Harbour, 2450",351 Pacific Highway,Tesla,(unknown operator),False,,,,,,
l_98247725bf252bb5e576,272641,0.0431422852429843,1.0,True,False,False,,True,0.9999065250486402,accepted,"260A Liverpool Rd, Ashfield NSW 2131",260A Liverpool Rd,Evie,Evie,False,,,,,,
l_b63549221fad87b3262c,190915,41.48853294064399,0.2857142857142857,True,True,True,,False,0.6601081786286047,rejected_evidence,"28 Auburn Street, Moree, NSW 2400, Australia",Powell Street,NRMA,NRMA,False,,,,,,
l_e5d7d27c440c822c4ffd,273195,18.51203289891329,0.8571428571428571,False,False,False,,False,0.909890595385688,rejected_evidence,"28 Lawson St, Byron Bay, 2481",Lawson Street,EVUp,Chargefox,False,,,,,,
l_2b94426354684c3dc9a1,190224,63.18450244161326,0.4117647058823529,True,True,False,,False,0.6572178917686615,rejected_evidence,"2848 Pacific Hwy, Tyndale NSW, 2464",2848 Big River Way,Evie,Evie,False,,,,,,
l_659502ad4cf8c132bb7b,126130,16.967915843471882,0.7407407407407407,True,False,False,,True,0.8724954415984036,external_poi_reused_review,"29-55 Twynam St, Narrandera, 2700",31 Twynam Street,NRMA,NRMA,False,,,,,,
l_658cb39230ade6768e63,126130,204.11935484736097,0.7407407407407407,True,False,False,,True,0.4670006570899772,external_poi_reused_review,"29-55 Twynam St, Narrandera, 2700",31 Twynam Street,NRMA,NRMA,False,,,,,,
l_688b0c2087b8ebfbc60f,190706,264.8169812624619,0.2608695652173913,False,False,False,,False,0.16753422175741942,rejected_evidence,"2A Beach Rd, Batemans Bay, 2536",51 Orient Street,NRMA,Evie,False,,,,,,
l_688b0c2087b8ebfbc60f,209950,218.97245614883923,0.34782608695652173,True,False,False,,False,0.2972988087789643,rejected_evidence,"2A Beach Rd, Batemans Bay, 2536",12 Vesper Street,NRMA,NRMA,False,,,,,,
l_688b0c2087b8ebfbc60f,157566,12.935239761501323,1.0,True,False,False,,True,0.9719736471834138,accepted,"2A Beach Rd, Batemans Bay, 2536",2A Beach Road,NRMA,NRMA,False,,,,,,
l_22acf8d0c18f6d1f69e5,190679,0.0,1.0,True,False,False,,True,1.0,accepted,"3 Broomfield St, Cobar, NSW 2835, Australia",3 Broomfield Street,NRMA,NRMA,False,,,,,,
l_d9778396c3c14741c1d7,190351,4.585470310070809,1.0,True,False,False,,True,0.9900648143281799,accepted,"32 Sydney St, Tarcutta, 2652",32 Sydney Street,Evie,Evie,False,,,,,,
l_1d1b2fca2fa995389941,272700,82.76134870217243,1.0,True,False,False,,True,0.8206837444786264,accepted,"322 Woodville Rd, Guildford NSW 2161",322 Woodville Road,Evie,Evie,False,,,,,,
l_22ad3567c7fd7e9df8eb,273427,25.91668223760154,0.8823529411764706,True,False,False,,True,0.9026707178969613,accepted,"329-339 Princes Hwy, Sydney, 2044",339 Princes Hwy,BP Pulse (AU),BP Pulse (AU),False,,,,,,
l_557d9a33a7ab574a4943,272622,0.0,1.0,False,False,False,,False,1.0,rejected_evidence,"330 Pennant Hills Rd, Pennant Hills NSW 2120",330 Pennant Hills Road,Evie,Chargefox,False,,,,,,
l_765cd59dc025044eb30a,79760,7.414244183831051,1.0,True,False,False,,True,0.983935804268366,accepted,"34 Annie Pyers Dr, Gundagai , 2722",34 Annie Pyers Drive,Tesla,Tesla,False,,,,,,
l_765cd59dc025044eb30a,471033,112.04370481413872,0.9411764705882353,False,False,False,house_number_conflict,False,0.7366504042752484,rejected_evidence,"34 Annie Pyers Dr, Gundagai , 2722",37 Annie Pyers Drive,Tesla,NRMA,False,,,,,,
l_6f087bf50b55abafc36a,266872,67.7492637943277,1.0,False,False,False,,False,0.8532099284456233,rejected_evidence,"345 Victoria Ave, Chatswood NSW 2067",345 Victoria Avenue,Engie,Chargefox,False,,,,,,
l_302a07a2f0a3f2301f69,266872,230.38120054673576,1.0,True,False,False,,True,0.5008407321487391,accepted,"345 Victoria Ave, Sydney, 2067",345 Victoria Avenue,Chargefox,Chargefox,False,,,,,,
l_a571645e8251a1425054,129982,99.49654185591305,0.3888888888888889,True,False,False,,True,0.5705352704232995,accepted,"3483 Jerrys Plains Rd, Jerrys Plains, 2330",3483 Golden Hwy,Tesla,Tesla,False,,,,,,
l_8105e23dfb8bf6df2909,272618,11.755598497538578,1.0,False,False,False,,False,0.9745295365886665,rejected_evidence,"3-5 Underwood Rd, Homebush NSW 2140",3 -5 Underwood Road,Engie,Chargefox,False,,,,,,
l_221de9e0e2d75945c5b7,161993,20.153239568706944,0.8571428571428571,True,False,False,,True,0.9063346476011349,accepted,"37 Nabiac St, Nabiac, 2312",Nabiac Street,NRMA,NRMA,False,,,,,,
l_5e6eeda5a88a0b7c5b3c,170607,32.794150760198725,1.0,False,False,False,,False,0.9289460066862361,rejected_evidence,"38 Abbott Rd, Seven Hills NSW 2147",38 Abbott Rd,Ampol AmpCharge,Evie,False,,,,,,
l_5e6eeda5a88a0b7c5b3c,273870,275.2551246980728,0.8333333333333334,False,False,False,house_number_conflict,False,0.34528056315417566,rejected_evidence,"38 Abbott Rd, Seven Hills NSW 2147",26 Abbott Road,Ampol AmpCharge,BP Pulse (AU),False,,,,,,
l_913c9fe6ba3fdbd68b18,191280,181.60372684582143,0.09090909090909091,False,False,False,,False,0.288343440318902,rejected_evidence,"38 Flora St, Sydney, 2232",Princes Highway,Chargefox,Tesla,False,,,,,,
l_7fd5bfaae6239c1e0b77,296044,49.11917462724746,0.8421052631578947,True,False,False,,True,0.8383119637462271,accepted,"38 Swift St, Holbrook, 2644",Swift Street,Tesla,Tesla,False,,,,,,
l_9393d85c59c3118a58b0,191062,159.847203841462,0.24242424242424243,False,False,False,,False,0.3885128765253172,rejected_evidence,"4 Defries Ave, Sydney, 2017",895 South Dowling Street,Ampol AmpCharge,Chargefox,False,,,,,,
l_9393d85c59c3118a58b0,272616,11.85586280271068,1.0,False,False,False,,False,0.9743122972607935,rejected_evidence,"4 Defries Ave, Sydney, 2017",4 Defries Avenue,Ampol AmpCharge,Chargefox,False,,,,,,
l_7af8b0583809ebb8f019,266501,209.65605946567274,0.2222222222222222,False,False,False,,False,0.27352298226882016,rejected_evidence,"4 Tindall St, Sydney, 2560",20-22 Camden Road,Evie,Tesla,False,,,,,,
l_7af8b0583809ebb8f019,299879,194.37598907118098,0.25,False,False,False,,False,0.3163520236791079,rejected_evidence,"4 Tindall St, Sydney, 2560",38 Camden Rd,Evie,Chargefox,False,,,,,,
l_f8b4cc58eae8bfd4a953,191161,14.344824123196126,0.13793103448275862,True,False,False,,True,0.6671954098020406,accepted,"401 Cabramatta Rd W, Cabramatta NSW 2166",Hungry Jacks,Evie,Evie,False,,,,,,
l_bebb19b1156280ae638e,172919,23.618453227875804,1.0,True,False,False,,True,0.9488266846729357,accepted,"403 Tarean Rd, Karuah, 2324",403 Tarean Road,Chargefox,Chargefox,False,,,,,,
l_3acb577be63bc7dc74fa,266501,127.11388082831591,0.8148148148148148,False,False,False,house_number_conflict,False,0.659771776723834,rejected_evidence,"42 Camden Rd, Sydney, 2560",20-22 Camden Road,Chargefox,Tesla,False,,,,,,
l_3acb577be63bc7dc74fa,299879,107.55460679346041,0.8333333333333334,True,False,False,house_number_conflict,False,0.7086316852808359,rejected_evidence,"42 Camden Rd, Sydney, 2560",38 Camden Rd,Chargefox,Chargefox,False,,,,,,
l_4f0e54e6945ee8be278f,190225,35.22098959492056,1.0,True,False,False,,True,0.9236878558776721,accepted,"44 Bangalow Rd, Ballina, 2478",44 Bangalow Road,Chargefox,Chargefox,False,,,,,,
l_fe39b125adf35f1fb678,273220,31.24878656726401,1.0,True,False,False,,True,0.932294295770928,accepted,"44 Molesworth St, Lismore, 2480",44 Molesworth St,Chargefox,Chargefox,False,,,,,,
l_5c37c09d4b2424a67c35,266540,1.7702132077881356,1.0,True,False,False,,True,0.9961645380497924,accepted,"4-6 New St, Lawson NSW 2783",4-6 New Street,Evie,Evie,False,,,,,,
l_a78efb5963484bdfb51f,272633,31.096059089814073,0.9090909090909091,True,False,False,,True,0.900807023487221,accepted,"4-6 Niangala Cl, Belrose NSW 2085",4-6 Niangala Close,Evie,Evie,False,,,,,,
l_2cb6da819a47f60aa3da,190682,0.0,1.0,True,False,False,,True,1.0,accepted,"50 Bathurst St, Brewarrina, NSW 2839, Australia",50 Bathurst Street,NRMA,NRMA,False,,,,,,
l_18cd5c4d2cbb2d421237,172920,27.77513478578513,0.8666666666666667,True,False,False,,True,0.8931538746307989,accepted,"528 John Oxley Dr, Thrumster, 2444",John Oxley Drive,NRMA,NRMA,False,,,,,,
l_18cd5c4d2cbb2d421237,480398,44.60836514547055,0.8666666666666667,False,False,False,,False,0.8566818755181472,rejected_evidence,"528 John Oxley Dr, Thrumster, 2444",John Oxley Drive,NRMA,Tesla,False,,,,,,
l_48fcdc8e065f25652363,190003,8.493180763876246,1.0,True,False,False,,True,0.9815981083449348,accepted,"53 Sydney Rd, Goulburn, 2580", 53 Sydney Rd,Chargefox,Chargefox,False,,,,,,
l_0e7182202acba8dfe173,190706,89.45113770931648,0.88,True,False,False,house_number_conflict,True,0.7641892016298142,accepted,"53A Orient St, Batemans Bay, 2536",51 Orient Street,Evie,Evie,True,DM_BATEMANS_BAY_ADDRESS_RANGE_20260909,r_531a8cdb6b482f190a0d,data/raw/reviewed/dan_murphys_batemans_bay_address_excerpt_20260909.txt,e63433d94aefac1bc4f714b1a15487e08e63c777c691b4cb216395bedb4cebe8,"The official store-page address range includes both source house numbers; the OCM title identifies the same Dan Murphy store. This exception concerns the venue address only and does not verify current connector, cost or operational attributes.",
l_8b0120c8ede2dccc884c,272635,13.902070679038568,1.0,True,False,False,,True,0.9698788468620831,accepted,"54-76 Captain Cook Dr, Caringbah NSW 2229",54-76 Captain Cook Drive,Evie,Evie,False,,,,,,
l_e9d9d981d53b62bc86f6,171146,9.504590157232537,1.0,True,False,False,,True,0.9794067213259962,accepted,"56 Morpeth St, Harwood , 2465",56 Morpeth St.,Tesla,Tesla,False,,,,,,
l_c3a86fe148f60f960b43,113602,20.71565015926556,0.10526315789473684,True,False,False,,True,0.6419581965847492,accepted,"58 Phillip St, West Tamworth , 2340",West Tamworth League Club,Tesla,Tesla,False,,,,,,
l_fb625704b85a44f0bb0b,272684,14.084532889309568,0.9142857142857143,False,False,False,house_number_conflict,False,0.9394835120731626,rejected_evidence,"580 Parramatta Rd, Sydney, 2132",586A Parramatta Rd,BP Pulse (AU),Evie,False,,,,,,
l_cdc4faf3cb83a0c69e07,191280,77.11687198964454,0.8461538461538461,True,False,False,,True,0.779067290176283,accepted,"580 Princes Hwy, Sydney, 2232",Princes Highway,Tesla,Tesla,False,,,,,,
l_d7be5e373b06278feb7a,278525,10.002099103686021,0.6857142857142857,True,False,False,,True,0.868328785275347,accepted,"59-61 Pacific Hwy Cnr Unwin Rd, Waitara, NSW, 2077","Corner Pacific Highway, Unwin Road",Ampol AmpCharge,Ampol AmpCharge,False,,,,,,
l_28af1a4ab616ea376e9c,272620,0.07259401181999908,1.0,True,False,False,,True,0.99984271297439,accepted,"6 Boundary St, Sydney, 2081",6 Boundary Street,Chargefox,Chargefox,False,,,,,,
l_029e2e4689ea8dba33e5,190683,202.99978517622554,0.42857142857142855,True,True,True,,False,0.36016713211817797,rejected_evidence,"6 Castlereagh St Gilgandra, NSW 2827, Australia",26 Neilly Street,NRMA,NRMA,False,,,,,,
l_7d310d8aece783ab59dc,191164,12.20037246418739,1.0,True,False,False,,True,0.9735658596609273,accepted,"6 Myahgah Rd, Sydney, 2088",6 Myahgah Road,Evie,Evie,False,,,,,,
l_9b34ff9cc84f6fae0e90,192929,71.2733082041993,0.5,True,False,False,,True,0.6705744988909015,external_poi_reused_review,"7 Bungan St, Sydney, 2103",1 Park St,JOLT,JOLT,False,,,,,,
l_9b34ff9cc84f6fae0e90,190757,11.916751198267779,0.9090909090909091,True,False,False,house_number_conflict,False,0.9423621905855712,rejected_evidence,"7 Bungan St, Sydney, 2103",2 Bungan St,JOLT,JOLT,False,,,,,,
l_2a06c0da0ced06a714b1,154488,7.701196309270507,0.875,True,False,False,,True,0.9395640746632472,accepted,"7 Tank St, Lithgow, 2790",Tank St,NRMA,NRMA,False,,,,,,
l_1d7851501ad5506d6004,272630,14.626878774984275,1.0,True,False,False,,True,0.9683084293208674,accepted,"73 Belmore Road, Randwick NSW 2031",73 Belmore Road,Evie,Evie,False,,,,,,
l_758587195e820219edca,148545,26.190161659865794,1.0,True,False,False,,True,0.9432546497369574,accepted,"76 Cowper St, Wallsend, 2287",76 Cowper Street,NRMA,NRMA,False,,,,,,
l_86933707e2b3b3c67eaa,121546,0.018847178989809074,1.0,True,False,False,,True,0.999959164445522,accepted,"76 Wingewarra St, Dubbo , 2830",76 Wingewarra Street,Tesla,Tesla,False,,,,,,
l_86933707e2b3b3c67eaa,191955,72.86582566982764,0.896551724137931,False,False,False,,False,0.805917147830316,rejected_evidence,"76 Wingewarra St, Dubbo , 2830",Wingewarra Street,Tesla,NRMA,False,,,,,,
l_8dd4f9550e32b973cda3,156010,89.45193275861867,1.0,True,False,False,,True,0.8061874790229928,accepted,"77 Darling St, Cowra, 2794",77 Darling Street,NRMA,NRMA,False,,,,,,
l_90bc59c5864665a17c6a,297042,7.898617323808473,1.0,True,False,False,,True,0.9828863291317482,accepted,"78 Great Western Hwy Cnr Ross St, Glenbrook, NSW, 2773",78 Great Western Highway,Ampol AmpCharge,Ampol AmpCharge,False,,,,,,
l_133d5a5a9acb5e739b2c,190861,219.59813611240588,0.25,False,False,False,,False,0.26170403842312057,rejected_evidence,"8 Kosciuszko Rd, Jindabyne, 2627",3 Snowy River Ave,BP Pulse (AU),NRMA,False,,,,,,
l_49b0a5a2a3f1fe176f67,190500,23.14028357664892,0.8695652173913043,True,True,False,house_number_conflict,False,0.9042105450042173,rejected_evidence,"8/24 Cross St, Wagga Wagga, NSW 2650",8 Cross Street,NRMA,NRMA,False,,,,,,
l_e63dfce043b2cbe50f73,274452,50.75245820617202,0.2222222222222222,False,False,False,,False,0.6178141183310717,rejected_evidence,"80 Little Barber St, Gunnedah, 2380",Kepreotes Carpark,NRMA,(unknown operator),False,,,,,,
l_57579c6bf729ab6fc9e8,190005,0.0,1.0,True,False,False,,True,1.0,accepted,"81 Meehan St, Yass NSW 2582, Australia",81 Meehan Street,NRMA,NRMA,False,,,,,,
l_2283fbc5652d009f8aeb,170824,0.0,1.0,True,False,False,,True,1.0,accepted,"82 Marsh St, Armidale, NSW 2350, Australia",82 Marsh Street,NRMA,NRMA,False,,,,,,
l_396adc8d248636738371,191163,51.19801071320793,1.0,True,False,False,,True,0.8890709767880495,accepted,"82A O'Connell St, Sydney, 2747",82a O’Connell Street,Evie,Evie,False,,,,,,
l_cb36da8a2b4fd41ae0c5,90199,0.09577235047129884,1.0,True,True,False,,False,0.9997924932406456,rejected_evidence,"85/91 Commissioner St, Cooma , 2630",85-91 Commissioner Street,Tesla,Tesla,False,,,,,,
l_73392c1fc201dc5d53f3,272632,14.65322433147302,1.0,True,False,False,,True,0.9682513472818085,accepted,"88 Christie St, St Leonards NSW 2065",88 Christie St,Evie,Evie,False,,,,,,
l_27981d4442a7bc636509,190671,20.90449724619073,1.0,True,False,False,,True,0.9547069226332534,accepted,"89 Market St, Balranald, 2715",89 Market Street,NRMA,NRMA,False,,,,,,
l_2421e1ad6f967d82e6c5,191062,15.68588459172846,1.0,True,False,False,,True,0.9660139167179217,accepted,"895 South Dowling St, Sydney, 2017",895 South Dowling Street,Chargefox,Chargefox,False,,,,,,
l_2421e1ad6f967d82e6c5,272616,166.90027776573757,0.24242424242424243,True,False,False,,False,0.37323121635605344,rejected_evidence,"895 South Dowling St, Sydney, 2017",4 Defries Avenue,Chargefox,Chargefox,False,,,,,,
l_c234117c6f0de82ae487,272694,24.38414034238693,1.0,True,False,False,,True,0.9471676959248283,accepted,"9 Eastern Valley Way, Northbridge NSW 2063",9 Eastern Valley Way,Evie,Evie,False,,,,,,
l_ed00398600d5eb9a8afc,272634,37.89449430250201,1.0,True,False,False,,True,0.917895262344579,accepted,"91 Spring St, Sydney, 2022","91 Spring St , NSW 2022",Evie,Evie,False,,,,,,
l_bd6ef1894c22d1363cb7,272496,47.13748925870044,0.43478260869565216,True,False,False,,True,0.700042686316294,accepted,"93 Byamee St, Dapto NSW 2530",Moombara Street,Evie,Evie,False,,,,,,
l_4d011ad66e5c03718ea1,308738,193.23667832499115,0.782608695652174,False,False,False,,False,0.5052335737741134,rejected_evidence,"9-49 Chapel Rd, Bankstown NSW 2200",Chapel Road,Evie,Tesla,False,,,,,,
l_4d011ad66e5c03718ea1,191160,5.110314847591482,1.0,True,False,False,,True,0.9889276511635519,accepted,"9-49 Chapel Rd, Bankstown NSW 2200",9-49 Chapel Road,Evie,Evie,False,,,,,,
l_70b62ce6672d7861923c,306014,73.04115081174547,0.1,True,False,False,,True,0.5267441732412182,accepted,"96 Mackay Ave, Yoogali, 2680",Owen Drive,Chargefox,Chargefox,False,,,,,,
l_0ebd164a90a35c16e4a4,266872,298.7926751327345,0.14814814814814814,False,False,False,,False,0.054467722397593836,rejected_evidence,"Anderson St, Sydney, 2067",345 Victoria Avenue,Exploren,Chargefox,False,,,,,,
l_670a933bd0fd6afe1b3f,128374,46.030765184602096,1.0,True,False,False,,True,0.9002666754333621,accepted,"B640 Princes Hwy, Berry, 2535",B640 Princes Highway,Tesla,Tesla,False,,,,,,
l_9538e5057439c6ff0cb4,128371,126.98431106104246,1.0,True,False,False,,True,0.7248673260344081,accepted,"Bryant Dr, Central Coast, 2259",Bryant Drive & Wyong Road,Tesla,Tesla,False,,,,,,
l_33ffbe2150b0821f9266,272619,86.72591771774432,0.8571428571428571,True,False,False,,True,0.7620938449448873,accepted,"Bunnerong Rd, Sydney, 2036",439 Bunnerong Road,Chargefox,Chargefox,False,,,,,,
l_1a14af4b564a876d23aa,191954,1.9031656490584767,0.5384615384615384,True,False,False,,True,0.8343380128885785,accepted,"Car Park behind the Civic Centre, Orange, 2800",Orange Civic Theatre,NRMA,NRMA,False,,,,,,
l_dd70f0561f79ee1095d1,190500,57.36047994578073,0.47619047619047616,True,True,True,,False,0.6923856267841417,rejected_evidence,"Car park, 51 Evans St (Victoria Park), Inverell, NSW 2360, Australia",8 Cross Street,NRMA,NRMA,False,,,,,,
l_d7e8a6739689bf98ee77,190668,0.0,1.0,True,False,False,,True,1.0,accepted,"Car park, Little Hoskins St, Temora, NSW 2666",Little Hoskins Street,NRMA,NRMA,False,,,,,,
l_508197a6e65801e5a667,274056,5.846492455389801,0.2857142857142857,True,False,False,,True,0.7373325996799888,external_poi_reused_review,"Castlereagh Rd, Sydney, 2750",153 Coreen Ave,Ampol AmpCharge,Ampol AmpCharge,False,,,,,,
l_8422a9ee7cb0f27a4eb0,272614,30.606668133689208,0.9166666666666666,False,False,False,,False,0.90451888571034,rejected_evidence,"Central Ave 2, Sydney, 2015",2 Central Avenue,Ampol AmpCharge,Chargefox,False,,,,,,
l_81ac1c0eb40f1e500ff0,150032,109.0591478998341,0.4,False,False,False,,False,0.5537051795503595,rejected_evidence,"Cnr Herring & Waterloo Rd, North Ryde NSW 2113",Macquarie Supercharger,Evie,Tesla,False,,,,,,
l_81ac1c0eb40f1e500ff0,272627,172.8503010728971,0.7567567567567568,True,False,False,,True,0.5403558792069212,accepted,"Cnr Herring & Waterloo Rd, North Ryde NSW 2113",Cnr Herring Rd & Waterloo Rd,Evie,Evie,False,,,,,,
l_d04d0a16f8a413c35ef0,150032,184.10906985631368,0.4444444444444444,True,False,False,,False,0.4066525708668759,rejected_evidence,"Cnr Herring Rd & Waterloo Rd, Sydney, 2113",Macquarie Supercharger,Tesla,Tesla,False,,,,,,
l_d04d0a16f8a413c35ef0,272627,48.56251398018595,1.0,False,False,False,,False,0.8947812197095971,rejected_evidence,"Cnr Herring Rd & Waterloo Rd, Sydney, 2113",Cnr Herring Rd & Waterloo Rd,Tesla,Evie,False,,,,,,
l_9e7a0beca84a7d9e019d,190861,6.2297798423714115,0.7619047619047619,True,False,False,,True,0.9031688103415285,accepted,"Corner of Snowy River Avenue and Kalkite St, Jindabyne, 2627",3 Snowy River Ave,NRMA,NRMA,False,,,,,,
l_5da82ed9b10e3a7f7cbe,191956,23.032623873938324,0.5882352941176471,True,False,False,,True,0.8059783345476434,accepted,"Dalton St, Parkes, 2870",Bogan Street,NRMA,NRMA,False,,,,,,
l_b95fda2a5dfd50021d16,272689,5.462001713187725,1.0,True,False,False,,True,0.9881656629547599,accepted,"Dorhauer Ln, Sydney, 2025",Dorhauer Lane,Evie,Evie,False,,,,,,
l_fdbc3ac1498f235c3c76,79243,0.09384463705725389,0.918918918918919,True,False,False,,True,0.9714182915746643,accepted,"f 419 Hinterland Wy, Knockrow , 2479",419 Hinterland Way,Tesla,Tesla,False,,,,,,
l_bab6f0f232d08a6bbeb9,191183,52.790960723275724,0.35294117647058826,True,False,False,,True,0.6591489968642752,accepted,"Gipps St, Bega, 2550",Church Street Carpark,NRMA,NRMA,False,,,,,,
l_d0a819b95a2a2f3fb46a,171647,36.56188534012432,0.9714285714285714,True,False,False,,True,0.9107825817630639,accepted,"Harbour Boulevard, Shell Cove, 2529",Harbour Boulevarde,Chargefox,Chargefox,False,,,,,,
l_1cc092cb94d3d011a9d3,273428,76.07421858063677,1.0,True,False,False,,True,0.8351725264086203,external_poi_reused_review,"Hassall St, Sydney, 2142",Hassall Street,BP Pulse (AU),BP Pulse (AU),False,,,,,,
l_21b540521adb40fdbe53,273428,85.34381169797021,1.0,True,False,False,,True,0.8150884079877312,external_poi_reused_review,"Hassall Street & James Rouse Drive, Sydney, 2142",Hassall Street,BP Pulse (AU),BP Pulse (AU),False,,,,,,
l_489ae1c90174e92bf09e,131610,5.91663623153548,0.875,True,False,False,,True,0.9434306214983399,accepted,"Innovation Way, Wollongong, 2500",Off Innovation Way,Chargefox,Chargefox,False,,,,,,
l_bc7c5d331c7f6c793775,312659,256.78261417979934,0.1111111111111111,False,False,False,,False,0.13252655816599035,rejected_evidence,"Kable Ave, Tamworth, 2340",Cooper Lane,NRMA,Evie,False,,,,,,
l_5b334947cac0d4a7bb17,190677,0.0,1.0,True,False,False,,True,1.0,accepted,"Kintore Headframe Car Park, 51 Bromide St, Broken Hill, NSW 2880, Australia",51 Bromide St,NRMA,NRMA,False,,,,,,
l_bc48e5356bc48752d739,191957,7.467384003689784,0.5263157894736842,True,False,False,,True,0.818031194307795,accepted,"Mortimer St, Mudgee, 2850",Perry Street,NRMA,NRMA,False,,,,,,
l_828c50ea7a5f58a7b7d8,191394,4.730997552322278,0.9375,True,False,False,,True,0.9678745053033018,accepted,"Murray Rose Ave, Sydney, 2127",9 Murray Rose Ave,NRMA,NRMA,False,,,,,,
l_749d8c0cc4c947ffdc97,172852,15.456512234305794,1.0,True,False,False,,True,0.966510890159004,accepted,"Pacific Hwy, Boambee, 2450",Pacific Highway,Chargefox,Chargefox,False,,,,,,
l_2b7abbfc1277536bcba1,190359,174.62232079956954,0.16,True,False,False,,False,0.32765163826759935,rejected_evidence,"Prospect St, Holbrook, 2644",Submarine Park,NRMA,NRMA,False,,,,,,
l_23a291542d287073b9fa,190358,30.26673981741739,0.8571428571428571,True,False,False,,True,0.8844220637289291,accepted,"Riverside Dr, Jugiong, 2726",319 Riverside Drive,NRMA,NRMA,False,,,,,,
l_bad37c5230a82b6f4b4c,191958,10.760595544154016,0.2,True,False,False,,True,0.6966853763209996,accepted,"Rogan Ln, Young, 2594",88 Lovell Street,NRMA,NRMA,False,,,,,,
l_98af0b98434bdf876e53,190669,34.06770836683635,0.7272727272727273,True,False,False,,True,0.8307320864173091,accepted,"Shire St, West Wyalong, 2671","13-15 Shire St, West Wyalong NSW 2671",NRMA,NRMA,False,,,,,,
l_07c8e1fedef617b1e41f,274144,75.66460933446285,0.8421052631578947,True,False,False,,True,0.780796855213927,accepted,"Short St, Mudgee, 2850",47 Short Street,NRMA,NRMA,False,,,,,,
l_342f228d276725e07657,266499,0.5472679816670019,1.0,True,False,False,,True,0.9988142527063881,accepted,"Sommerlad Ln, Glen Innes, 2370",Sommerlad Lane,NRMA,NRMA,False,,,,,,
l_735a16aa26926d7826fa,306016,18.5447247205359,0.7777777777777778,True,False,False,street_type_conflict,False,0.8820419853277277,rejected_evidence,"Stuart St, Wagga Wagga, 2650",Stuart Road,Everty,Everty,False,,,,,,
l_aa4b4d09b4f43305fbb3,273225,10.75162741816114,1.0,True,False,False,,True,0.9767048072606509,accepted,"Sunset Blvd, Soldiers Point, 2317",Sunset Blvd,Chargefox,Chargefox,False,,,,,,
l_ed0df2fad12f7a17f5cb,209950,100.28009844438112,0.8571428571428571,True,False,False,,True,0.7327264533705076,accepted,"Vesper St, Batemans Bay, 2536",12 Vesper Street,NRMA,NRMA,False,,,,,,
l_ed0df2fad12f7a17f5cb,157566,181.98219242647238,0.2,True,False,False,,False,0.3257052497426432,rejected_evidence,"Vesper St, Batemans Bay, 2536",2A Beach Road,NRMA,NRMA,False,,,,,,
l_11a62538f07076be4260,161843,9.244811017748624,0.9,True,False,False,,True,0.9449695761282113,accepted,"Walton Ln, Picton, 2571",5 Walton Lane,NRMA,NRMA,False,,,,,,
l_9725f8739754cc2e95f6,121546,65.0495075841265,0.896551724137931,False,False,False,,False,0.8228525036826685,rejected_evidence,"Wingewarra St, Dubbo, 2830",76 Wingewarra Street,NRMA,Tesla,False,,,,,,
l_9725f8739754cc2e95f6,191955,15.777815706634184,1.0,True,False,False,,True,0.9658147326356259,accepted,"Wingewarra St, Dubbo, 2830",Wingewarra Street,NRMA,NRMA,False,,,,,,
l_78442ed7458f1f3ea314,266767,17.439638988057222,0.36363636363636365,True,False,False,,True,0.7394868427986032,accepted,"Wyong Rd, Central Coast, 2261",Cnr Mingara Dr & Wyong Rd,BP Pulse (AU),BP Pulse (AU),False,,,,,,
l_0e54f68c8cebc26be2a4,308738,138.1469426667116,0.46153846153846156,True,False,False,,False,0.5122200857605864,rejected_evidence,"173 Canterbury Road, Bankstown NSW 2200",Chapel Road,Tesla,Tesla,False,,,,,,
l_0e54f68c8cebc26be2a4,191160,177.22693869611152,0.45161290322580644,False,False,False,,False,0.4240728156207907,rejected_evidence,"173 Canterbury Road, Bankstown NSW 2200",9-49 Chapel Road,Tesla,Evie,False,,,,,,
l_51967fa50fe906492641,308265,130.1842599122037,0.32,True,False,False,,False,0.47993410352355864,rejected_evidence,"179-183 Hume St, Goulburn NSW 2580",Lockyer Street,Tesla,Tesla,False,,,,,,
l_51967fa50fe906492641,296038,39.29418651441612,0.32,False,False,False,,False,0.6768625958854317,rejected_evidence,"179-183 Hume St, Goulburn NSW 2580",Lockyer Street,Tesla,Chargefox,False,,,,,,
l_9480589138e27915442e,300153,80.89997754347364,0.8571428571428571,True,False,False,,True,0.7747167153224738,accepted,188 Fernleigh Rd Glenfield Park NSW 2650 Australia,Fernleigh Road,Tesla,Tesla,False,,,,,,
l_d5c1e6df77c05237a6a1,306013,46.98787745126051,1.0,True,False,False,,True,0.8981929321889356,accepted,2 Bridge Rd Griffith NSW 2680 Australia,2 Bridge Road,Tesla,Tesla,False,,,,,,
l_7b41f16b1e7c13f0bf4a,311704,67.99115281780314,1.0,True,False,False,,True,0.8526858355614265,accepted,2 Moonee Beach Rd Moonee Beach NSW 2450 Australia,2 Moonee Beach Rd,Tesla,Tesla,False,,,,,,
l_af458e97293e54bdebb1,266872,172.44469692946228,0.8125,False,False,False,house_number_conflict,False,0.5607448233194984,rejected_evidence,"260 Victoria Avenue, Chatswood, NSW 2067",345 Victoria Avenue,Tesla,Chargefox,False,,,,,,
l_31282b7862f2f25d96c4,312659,37.09299463557675,0.3,True,False,False,,True,0.6746318449562504,accepted,"374 Peel St, Tamworth NSW 2340, Australia",Cooper Lane,Evie,Evie,False,,,,,,
l_5fc20065eb2541c94590,460625,226.99491328105148,0.8333333333333334,True,False,False,house_number_conflict,False,0.44984435455772176,rejected_evidence,"46 Wynter St, Taree NSW 2430, Australia",37 Wynter Street,Tesla,Tesla,False,,,,,,
l_4d0dcff3a3f0cac850b8,461335,54.33601028253736,1.0,True,False,False,,True,0.882271977721169,accepted,477 Coolac Rd Coolac NSW 2727 Australia,477 Coolac Road ,Tesla,Tesla,False,,,,,,
l_df304c7cb30586f66cfd,300154,49.205501597809864,0.47619047619047616,True,False,False,,True,0.7100547465380787,accepted,618 Dean St Albury NSW 2640 Australia,Stanley Street,Tesla,Tesla,False,,,,,,
l_9aa3a2f47fd3c7772fd7,307990,260.8644810208983,0.3333333333333333,False,False,False,,False,0.20146029112138697,rejected_evidence,"68 Lead St, Yass NSW 2582, Australia",Comur Street,Tesla,Chargefox,False,,,,,,
l_9aa3a2f47fd3c7772fd7,296045,25.049855858608936,0.8235294117647058,True,False,False,,True,0.8839606064239943,accepted,"68 Lead St, Yass NSW 2582, Australia",Lead Street,Tesla,Tesla,False,,,,,,
l_2fff288d38e3cd398366,272619,86.69943681967999,0.7567567567567568,True,False,False,house_number_conflict,False,0.7270160850888916,rejected_evidence,801-899R Bunnerong Rd Chifley NSW 2036 Australia,439 Bunnerong Road,Chargefox,Chargefox,False,,,,,,
l_d61269ad92070b68141e,295994,57.36832024446581,0.4,True,False,False,,True,0.6657019728036574,accepted,"Cabarita Beach Bowls and Sports Club, Cabarita Beach NSW 2488",45 Cabarita Road,NRMA,NRMA,False,,,,,,
l_5fa6bda966daf369546e,191161,100.04800160441738,0.06666666666666667,False,False,False,,False,0.45656266319042904,rejected_evidence,"Cnr Cumberland Hwy & Cabramatta Rd W, Cabramatta NSW 2166, Australia",Hungry Jacks,BP Pulse (AU),Evie,False,,,,,,
l_3c6e58d2f5c4c5469289,191959,12.873390403224082,0.1111111111111111,True,False,False,,True,0.6609965430152367,accepted,"Coonabarabran Visitor Cntr, Coonabarabran, 2357",Newell Highway,NRMA,NRMA,False,,,,,,
l_9faf5dd65d8e18b735f3,297859,97.06479010729976,0.35714285714285715,True,False,False,,True,0.5646929547675171,accepted,Corner Sturgeon St & Glenelg St Raymond Terrace NSW 2324 Australia,Glenelg Street,Tesla,Tesla,False,,,,,,
l_611ca40500e33ca885b8,191164,259.8161822975774,0.16,True,False,False,,False,0.1430649383552489,rejected_evidence,Gouldsbury St Mosman NSW 2088 Australia,6 Myahgah Road,Evie,Evie,False,,,,,,
l_9f7d8443d2a153ab0819,266538,12.263856391516445,0.7777777777777778,True,False,False,,True,0.8956505333739366,accepted,"Hope St, Blaxland NSW 2774, Australia",126 Hope St,Tesla,Tesla,False,,,,,,
l_e81517695cb9719b6f9c,460615,39.68626683104847,0.8181818181818182,True,False,False,,True,0.8503767248963647,accepted,"Jessie St, Armidale NSW 2350, Australia",117 Jessie Street,Tesla,Tesla,False,,,,,,
l_9e972a90d9c046302d2d,191953,195.4758675963434,1.0,False,False,False,,False,0.5764689535412559,rejected_evidence,"1 Kendall Ave, Bathurst , 2795",1 Kendall Avenue,Tesla,NRMA,False,,,,,,
l_9e972a90d9c046302d2d,121552,15.461196974547534,1.0,True,False,False,,True,0.9665007398884803,accepted,"1 Kendall Ave, Bathurst , 2795",1 Kendall Ave,Tesla,Tesla,False,,,,,,
l_186fb0152eafb21824f9,191953,196.9817479781827,1.0,True,False,False,,True,0.5732062127139375,accepted,"1 Kendall Ave, Bathurst, 2795",1 Kendall Avenue,NRMA,NRMA,False,,,,,,
l_186fb0152eafb21824f9,121552,10.51078630046531,1.0,False,False,False,,False,0.9772266296823251,rejected_evidence,"1 Kendall Ave, Bathurst, 2795",1 Kendall Ave,NRMA,Tesla,False,,,,,,
l_73c72e9ef358fc5781aa,312274,78.69341724823829,0.6363636363636364,True,False,False,,True,0.702224868689423,accepted,"162 Rouse St, Tenterfield NSW 2372, Australia",1 Crown St,Tesla,Tesla,False,,,,,,
