location_id,ocm_id,distance_m,address_similarity,same_operator,postcode_conflict,source_address_conflict,extended_address_conflict,eligible,score,decision,source_address,external_address,source_operator,external_operator,address_exception_applied,address_exception_review_id,address_exception_record_id,address_exception_source_file,address_exception_evidence_sha256,address_exception_reason
l_b53c8d230a9365dc443d,279180,235.65210206711396,0.8461538461538461,True,False,False,,True,0.4355742916750992,accepted,"12 Hume Hwy, Pheasants Nest, 2574",Lot 12 Hume Hwy,Ampol AmpCharge,Ampol AmpCharge,False,,,,,
l_302a07a2f0a3f2301f69,266872,230.38120054673576,1.0,True,False,False,,True,0.5008407321487391,accepted,"345 Victoria Ave, Sydney, 2067",345 Victoria Avenue,Chargefox,Chargefox,False,,,,,
l_809b713e1b45a72ecb11,272673,225.0244845574251,1.0,True,False,False,,True,0.512446950125579,accepted,"128 Flood Street, Leichhardt NSW 2040",128 Flood Street,Evie,Evie,False,,,,,
l_70b62ce6672d7861923c,306014,73.04115081174547,0.1,True,False,False,,True,0.5267441732412182,accepted,"96 Mackay Ave, Yoogali, 2680",Owen Drive,Chargefox,Chargefox,False,,,,,
l_81ac1c0eb40f1e500ff0,272627,172.8503010728971,0.7567567567567568,True,False,False,,True,0.5403558792069212,accepted,"Cnr Herring & Waterloo Rd, North Ryde NSW 2113",Cnr Herring Rd & Waterloo Rd,Evie,Evie,False,,,,,
l_9faf5dd65d8e18b735f3,297859,97.06479010729976,0.35714285714285715,True,False,False,,True,0.5646929547675171,accepted,Corner Sturgeon St & Glenelg St Raymond Terrace NSW 2324 Australia,Glenelg Street,Tesla,Tesla,False,,,,,
l_a571645e8251a1425054,129982,99.49654185591305,0.3888888888888889,True,False,False,,True,0.5705352704232995,accepted,"3483 Jerrys Plains Rd, Jerrys Plains, 2330",3483 Golden Hwy,Tesla,Tesla,False,,,,,
l_186fb0152eafb21824f9,191953,196.9817479781827,1.0,True,False,False,,True,0.5732062127139375,accepted,"1 Kendall Ave, Bathurst, 2795",1 Kendall Avenue,NRMA,NRMA,False,,,,,
l_525794e991b51357265b,272521,65.27786536370579,0.2222222222222222,True,False,False,,True,0.5863424028230819,accepted,"01 Wallgrove Road, Sydney, 2766",BP Truckstop,BP Pulse (AU),BP Pulse (AU),False,,,,,
l_78278d9cbcaa8a3ed72a,161845,27.19922003743987,0.0,True,False,False,,True,0.591068356585547,accepted,"140 Queen St, Berry, 2535",,NRMA,NRMA,False,,,,,
l_12d587fb4815ff38fdad,235461,85.87960875054739,0.47619047619047616,True,False,False,,True,0.6305941810404806,accepted,"200 Crown St, Wollongong NSW 2500",Regent Street,Evie,Evie,False,,,,,
l_c3a86fe148f60f960b43,113602,20.71565015926556,0.10526315789473684,True,False,False,,True,0.6419581965847492,accepted,"58 Phillip St, West Tamworth , 2340",West Tamworth League Club,Tesla,Tesla,False,,,,,
l_7e80a277fc27451959f7,480398,53.52053546646704,0.3333333333333333,True,False,False,,True,0.6507055064893215,accepted,"15 Chancellors Dr, Thrumster , 2444",John Oxley Drive,Tesla,Tesla,False,,,,,
l_bab6f0f232d08a6bbeb9,191183,52.790960723275724,0.35294117647058826,True,False,False,,True,0.6591489968642752,accepted,"Gipps St, Bega, 2550",Church Street Carpark,NRMA,NRMA,False,,,,,
l_7a1f17cea4f6ed6bd924,306015,55.168496197416694,0.37037037037037035,True,False,False,,True,0.6600978878685602,accepted,"126 Mackay Ave, Yoogali, 2680",Kurrajong Avenue,Chargefox,Chargefox,False,,,,,
l_3c6e58d2f5c4c5469289,191959,12.873390403224082,0.1111111111111111,True,False,False,,True,0.6609965430152367,accepted,"Coonabarabran Visitor Cntr, Coonabarabran, 2357",Newell Highway,NRMA,NRMA,False,,,,,
l_d61269ad92070b68141e,295994,57.36832024446581,0.4,True,False,False,,True,0.6657019728036574,accepted,"Cabarita Beach Bowls and Sports Club, Cabarita Beach NSW 2488",45 Cabarita Road,NRMA,NRMA,False,,,,,
l_f8b4cc58eae8bfd4a953,191161,14.344824123196126,0.13793103448275862,True,False,False,,True,0.6671954098020406,accepted,"401 Cabramatta Rd W, Cabramatta NSW 2166",Hungry Jacks,Evie,Evie,False,,,,,
l_31282b7862f2f25d96c4,312659,37.09299463557675,0.3,True,False,False,,True,0.6746318449562504,accepted,"374 Peel St, Tamworth NSW 2340, Australia",Cooper Lane,Evie,Evie,False,,,,,
l_bad37c5230a82b6f4b4c,191958,10.760595544154016,0.2,True,False,False,,True,0.6966853763209996,accepted,"Rogan Ln, Young, 2594",88 Lovell Street,NRMA,NRMA,False,,,,,
l_bd6ef1894c22d1363cb7,272496,47.13748925870044,0.43478260869565216,True,False,False,,True,0.700042686316294,accepted,"93 Byamee St, Dapto NSW 2530",Moombara Street,Evie,Evie,False,,,,,
l_73c72e9ef358fc5781aa,312274,78.69341724823829,0.6363636363636364,True,False,False,,True,0.702224868689423,accepted,"162 Rouse St, Tenterfield NSW 2372, Australia",1 Crown St,Tesla,Tesla,False,,,,,
l_df304c7cb30586f66cfd,300154,49.205501597809864,0.47619047619047616,True,False,False,,True,0.7100547465380787,accepted,618 Dean St Albury NSW 2640 Australia,Stanley Street,Tesla,Tesla,False,,,,,
l_61f32a319bbc9b809bd6,266501,130.78715687804743,1.0,True,False,False,,True,0.7166278267642305,accepted,20-22 Camden Rd Campbelltown NSW 2560 Australia,20-22 Camden Road,Tesla,Tesla,False,,,,,
l_9538e5057439c6ff0cb4,128371,126.98431106104246,1.0,True,False,False,,True,0.7248673260344081,accepted,"Bryant Dr, Central Coast, 2259",Bryant Drive & Wyong Road,Tesla,Tesla,False,,,,,
l_9da5faf300fd10acd433,79311,0.05941535492023806,0.2222222222222222,True,False,False,,True,0.7276490445087839,accepted,"10 Winery Dr, Port Macquarie, 2444",764 Pacific Highway,Tesla,Tesla,False,,,,,
l_68291ad118eee7eaf940,272688,125.40780406982019,1.0,True,False,False,,True,0.7282830911820563,accepted,"1 Ingham Dr, Casula NSW 2170",1 Ingham Dr,Evie,Evie,False,,,,,
l_ed0df2fad12f7a17f5cb,209950,100.28009844438112,0.8571428571428571,True,False,False,,True,0.7327264533705076,accepted,"Vesper St, Batemans Bay, 2536",12 Vesper Street,NRMA,NRMA,False,,,,,
l_b45e1b0eaa6413d79c5a,279179,87.53552968057407,0.7857142857142857,True,False,False,,True,0.7353396856920895,accepted,"12 Hume Hwy, Pheasants Nest, 2574",Lots 1 & 2 Hume Hwy,Ampol AmpCharge,Ampol AmpCharge,False,,,,,
l_78442ed7458f1f3ea314,266767,17.439638988057222,0.36363636363636365,True,False,False,,True,0.7394868427986032,accepted,"Wyong Rd, Central Coast, 2261",Cnr Mingara Dr & Wyong Rd,BP Pulse (AU),BP Pulse (AU),False,,,,,
