record_id,source_row,review_id,original_location_id,location_id,representative_record_id,source_file,reason,review_date
r_991e509f6cce0b281e36,575,RI01,l_04198039f157ec10eea7,l_04198039f157ec10eea7,r_991e509f6cce0b281e36,data/raw/ev_20251216.csv,"The same Chargefox 47-49A Cleary Street site is recorded under Newcastle and Hamilton. Both observations state DC, 2 plugs and 60 kW; their coordinates differ by 0.0675556 m. Retain the differing source categories.",2026-09-09
r_50392b73ec77634aa2ab,1565,RI01,l_b6393ff13a82414645a8,l_04198039f157ec10eea7,r_991e509f6cce0b281e36,data/raw/ev_20251216.csv,"The same Chargefox 47-49A Cleary Street site is recorded under Newcastle and Hamilton. Both observations state DC, 2 plugs and 60 kW; their coordinates differ by 0.0675556 m. Retain the differing source categories.",2026-09-09
r_48599b2c4a029e5b1fee,223,RI02,l_f2383f535e01ad560608,l_032d7634b49a50c267b7,r_e89046817e62949de6bc,data/raw/ev_20251216.csv,"The same Exploren 179 Gillards Road, Pokolbin site has AC and 1 plug in both observations; coordinates differ by 0.0691288 m. The earlier 22 kW rating and later unquantified AC rating remain separate source observations.",2026-09-09
r_e89046817e62949de6bc,1308,RI02,l_032d7634b49a50c267b7,l_032d7634b49a50c267b7,r_e89046817e62949de6bc,data/raw/ev_20251216.csv,"The same Exploren 179 Gillards Road, Pokolbin site has AC and 1 plug in both observations; coordinates differ by 0.0691288 m. The earlier 22 kW rating and later unquantified AC rating remain separate source observations.",2026-09-09
r_fa0c544eeb7128a29eba,599,RI03,l_7916790618237eba1e44,l_a442eb6c34bcbbf48e94,r_ccc301cc1d615ec5f1b4,data/raw/ev_20251216.csv,"The same Exploren 51 Bathurst Street, Condobolin site has AC and 2 plugs in both observations; coordinates differ by 0.1038305 m. The earlier 22 kW rating and later unquantified AC rating remain separate source observations.",2026-09-09
r_ccc301cc1d615ec5f1b4,1590,RI03,l_a442eb6c34bcbbf48e94,l_a442eb6c34bcbbf48e94,r_ccc301cc1d615ec5f1b4,data/raw/ev_20251216.csv,"The same Exploren 51 Bathurst Street, Condobolin site has AC and 2 plugs in both observations; coordinates differ by 0.1038305 m. The earlier 22 kW rating and later unquantified AC rating remain separate source observations.",2026-09-09
r_a6c100ac154048c3330f,244,RI04,l_08de42a319a83564e93e,l_35b94af5266b77903bbd,r_2c87bc341e2b7cad8ab2,data/raw/ev_20251216.csv,"Exploren's published location 845 identifies Kempsey Shire Council at 19 Buchanan Drive, South West Rocks; its map point is within 50 m of all three source observations. The older numbered-address observation and the named council observations have the same operator, AC type, two plugs and sub-metre source coordinates. Include the complete pre-existing 817/1012 group. Preserve row 1012's missing source postcode, LGA and category and all original ratings and coordinates.",2026-09-09
r_2c87bc341e2b7cad8ab2,817,RI04,l_35b94af5266b77903bbd,l_35b94af5266b77903bbd,r_2c87bc341e2b7cad8ab2,data/raw/ev_20251216.csv,"Exploren's published location 845 identifies Kempsey Shire Council at 19 Buchanan Drive, South West Rocks; its map point is within 50 m of all three source observations. The older numbered-address observation and the named council observations have the same operator, AC type, two plugs and sub-metre source coordinates. Include the complete pre-existing 817/1012 group. Preserve row 1012's missing source postcode, LGA and category and all original ratings and coordinates.",2026-09-09
r_0496ddcfff0b44cf2383,1012,RI04,l_35b94af5266b77903bbd,l_35b94af5266b77903bbd,r_2c87bc341e2b7cad8ab2,data/raw/ev_20251216.csv,"Exploren's published location 845 identifies Kempsey Shire Council at 19 Buchanan Drive, South West Rocks; its map point is within 50 m of all three source observations. The older numbered-address observation and the named council observations have the same operator, AC type, two plugs and sub-metre source coordinates. Include the complete pre-existing 817/1012 group. Preserve row 1012's missing source postcode, LGA and category and all original ratings and coordinates.",2026-09-09
r_ce78d20d79e651152408,906,RI05,l_6eecc5c70283365d5e70,l_948baf6352bf603393f7,r_d4f98efb45d1531cf77c,data/raw/ev_20251216.csv,"Exploren's published location 1437 names Ingenia - Merry Beach at 46 Merry Beach Road, Kioloa, with its map point exactly at the named source observation. The earlier unnumbered street observation has the same operator, AC type, four source plugs and sub-metre coordinates. This is a reviewed venue identity, not an equipment correction: retain the older 6 kW rating, later unknown rating and both four-plug observations. The 2026 operator detail describes two chargers at 7 kW; its date and charger/plug units do not establish the 2025 source equipment counts.",2026-09-09
r_d4f98efb45d1531cf77c,1562,RI05,l_948baf6352bf603393f7,l_948baf6352bf603393f7,r_d4f98efb45d1531cf77c,data/raw/ev_20251216.csv,"Exploren's published location 1437 names Ingenia - Merry Beach at 46 Merry Beach Road, Kioloa, with its map point exactly at the named source observation. The earlier unnumbered street observation has the same operator, AC type, four source plugs and sub-metre coordinates. This is a reviewed venue identity, not an equipment correction: retain the older 6 kW rating, later unknown rating and both four-plug observations. The 2026 operator detail describes two chargers at 7 kW; its date and charger/plug units do not establish the 2025 source equipment counts.",2026-09-09
r_681ef6def250932a2eea,937,RI06,l_a1cc829f4b8a7e62cd78,l_89e7bb12912d228537b2,r_4e03f7a7fd864d0d5658,data/raw/ev_20251216.csv,"Exploren's published location 1380 names Milton Ulladulla Exservos Club at 212-222 Princes Highway, containing source number 222, with its map point exactly at the named source observation. The earlier unnumbered street observation has the same operator, AC type, four source plugs and sub-metre coordinates. Retain both source categories and ratings. The current operator detail lists two chargers; it is venue evidence and does not overwrite the historical four-plug observations.",2026-09-09
r_4e03f7a7fd864d0d5658,1398,RI06,l_89e7bb12912d228537b2,l_89e7bb12912d228537b2,r_4e03f7a7fd864d0d5658,data/raw/ev_20251216.csv,"Exploren's published location 1380 names Milton Ulladulla Exservos Club at 212-222 Princes Highway, containing source number 222, with its map point exactly at the named source observation. The earlier unnumbered street observation has the same operator, AC type, four source plugs and sub-metre coordinates. Retain both source categories and ratings. The current operator detail lists two chargers; it is venue evidence and does not overwrite the historical four-plug observations.",2026-09-09
r_27050b90342f57630636,307,RI07,l_61f32a319bbc9b809bd6,l_61f32a319bbc9b809bd6,r_27050b90342f57630636,data/raw/ev_20251216.csv,"The council visitor site identifies one installation of 12 Tesla Superchargers at Campbelltown Catholic Club; the venue confirms 20-22 Camden Rd. Both complete source observations identify this same address, network, DC class and 12 plugs. Their 107.52 m point difference is an individually reviewed venue-location discrepancy, not a clustering tolerance. Source row 307 remains the whole-row representative; all coordinates, source categories and differing ratings are retained. The later webpages establish identity, not historical rating or simultaneous capacity.",2026-09-09
r_f92ce15b72c57a57f94b,1077,RI07,l_9ca2e479073623c40d0a,l_61f32a319bbc9b809bd6,r_27050b90342f57630636,data/raw/ev_20251216.csv,"The council visitor site identifies one installation of 12 Tesla Superchargers at Campbelltown Catholic Club; the venue confirms 20-22 Camden Rd. Both complete source observations identify this same address, network, DC class and 12 plugs. Their 107.52 m point difference is an individually reviewed venue-location discrepancy, not a clustering tolerance. Source row 307 remains the whole-row representative; all coordinates, source categories and differing ratings are retained. The later webpages establish identity, not historical rating or simultaneous capacity.",2026-09-09
r_45ecad6be12cb2462b70,361,RI08,l_64a0cba3a8bda610eeed,l_64a0cba3a8bda610eeed,r_45ecad6be12cb2462b70,data/raw/ev_20251216.csv,"Shell station 10110865 identifies EV charging at 241 Waterworth Drive, Mount Annan, with a published venue point. The project supplier SwitchDin identifies the Viva Energy Reddy Express Mt Annan ultrafast installation. Both source observations have that same address, canonical operator, DC class and four plugs, and both lie within 25 m of the official venue point. Source row 361 remains the whole-row representative. All original points and differing ratings are retained; the supplier does not independently validate the source plug count and the observations are not summed.",2026-09-09
r_ae49145695dbcec7c6e2,1088,RI08,l_2c35098cede420b5ac92,l_64a0cba3a8bda610eeed,r_45ecad6be12cb2462b70,data/raw/ev_20251216.csv,"Shell station 10110865 identifies EV charging at 241 Waterworth Drive, Mount Annan, with a published venue point. The project supplier SwitchDin identifies the Viva Energy Reddy Express Mt Annan ultrafast installation. Both source observations have that same address, canonical operator, DC class and four plugs, and both lie within 25 m of the official venue point. Source row 361 remains the whole-row representative. All original points and differing ratings are retained; the supplier does not independently validate the source plug count and the observations are not summed.",2026-09-09
r_87087bde4ca0ce4d15e0,512,RI09,l_29f355d832a72df5981b,l_cf2fd012b6b93bd68f29,r_414226d0528ed81a9d83,data/raw/ev_20251216.csv,"Hunters Hill Council's 4 March 2025 proposal update endorses an Evie fast charger with two charging bays at the 3A Cowell St Council carpark, Gladesville, under Kerbside Charging Round 1. Its separately published FAQ confirms an operating Evie charger at that carpark. The two source observations have the same 3A Cowell street address, postcode, operator, two plugs and 75 kW rating, with points 15.380338 m apart. They represent one project location across Existing Fast Chargers and Kerbside Charging R1 sources. Row 1528 is the fixed whole-row representative because its address names Gladesville; its point is not claimed more accurate. All original coordinates, ratings and source categories remain unchanged. The Council texts establish site identity and two bays, not a new verification of 75 kW or physical connector serial numbers.",2026-09-10
r_414226d0528ed81a9d83,1528,RI09,l_cf2fd012b6b93bd68f29,l_cf2fd012b6b93bd68f29,r_414226d0528ed81a9d83,data/raw/ev_20251216.csv,"Hunters Hill Council's 4 March 2025 proposal update endorses an Evie fast charger with two charging bays at the 3A Cowell St Council carpark, Gladesville, under Kerbside Charging Round 1. Its separately published FAQ confirms an operating Evie charger at that carpark. The two source observations have the same 3A Cowell street address, postcode, operator, two plugs and 75 kW rating, with points 15.380338 m apart. They represent one project location across Existing Fast Chargers and Kerbside Charging R1 sources. Row 1528 is the fixed whole-row representative because its address names Gladesville; its point is not claimed more accurate. All original coordinates, ratings and source categories remain unchanged. The Council texts establish site identity and two bays, not a new verification of 75 kW or physical connector serial numbers.",2026-09-10
r_18eff170ad77e27b68fb,69,RI10,l_f0baf3917a54b5836f6a,l_6e3d9ca76b87b7e64a7a,r_7eb57f92ab6f23667688,data/raw/ev_20251216.csv,"North Sydney Council's 17 June 2025 installation table identifies the Parraween Street, Cremorne Evie site with four charging spaces and 75 kW DC charging. Council's carpark directory independently describes two dual 75 kW DC chargers, four bays, operated by Evie at Parraween Street, Cremorne 2090. Both source records give 106 Parraween St, four plugs and 75 kW, with points 18.004425 m apart, across Existing Fast Chargers and Kerbside Charging R1 sources. The Council directory establishes the carpark identity but does not independently publish the 106 street number. Row 1861 remains the whole-row representative because its address names Cremorne, without asserting greater point accuracy. Every original coordinate, device observation and source category is retained; repeated capacities are not added together.",2026-09-10
r_7eb57f92ab6f23667688,1861,RI10,l_6e3d9ca76b87b7e64a7a,l_6e3d9ca76b87b7e64a7a,r_7eb57f92ab6f23667688,data/raw/ev_20251216.csv,"North Sydney Council's 17 June 2025 installation table identifies the Parraween Street, Cremorne Evie site with four charging spaces and 75 kW DC charging. Council's carpark directory independently describes two dual 75 kW DC chargers, four bays, operated by Evie at Parraween Street, Cremorne 2090. Both source records give 106 Parraween St, four plugs and 75 kW, with points 18.004425 m apart, across Existing Fast Chargers and Kerbside Charging R1 sources. The Council directory establishes the carpark identity but does not independently publish the 106 street number. Row 1861 remains the whole-row representative because its address names Cremorne, without asserting greater point accuracy. Every original coordinate, device observation and source category is retained; repeated capacities are not added together.",2026-09-10
