review_id,source_file,role,element_id,sha256
RI04,data/raw/reviewed/identity_exploren_map_20260909.html,operator_map,845,ed08e8f113a3ac94a127a2b7775cfad0e6a0efc51a56f43a099dd6ca7075f7fb
RI04,data/raw/reviewed/identity_exploren_location_845_20260909.json,operator_location_detail,845,0d9451ecaaca7f5e351b852bf01fa00c18c14bf8c1fead3dd1c5d7a103d156ff
RI05,data/raw/reviewed/identity_exploren_map_20260909.html,operator_map,1437,ed08e8f113a3ac94a127a2b7775cfad0e6a0efc51a56f43a099dd6ca7075f7fb
RI05,data/raw/reviewed/identity_exploren_location_1437_20260909.json,operator_location_detail,1437,eb7000061d57da3f8ad6b3650a2e262ec73a46d218086184d2eccdcafd1e45a5
RI06,data/raw/reviewed/identity_exploren_map_20260909.html,operator_map,1380,ed08e8f113a3ac94a127a2b7775cfad0e6a0efc51a56f43a099dd6ca7075f7fb
RI06,data/raw/reviewed/identity_exploren_location_1380_20260909.json,operator_location_detail,1380,c3ca48bf168556a9c7d5adba2c3078222fa69fc62ef65f192feed8b724aced5d
RI07,data/raw/reviewed/identity_campbelltown_installation_20260909.html,venue_charger_installation,Campbelltown Catholic Club:12 Tesla Superchargers,5d57b8d3783d3a7f7576a8cead6a87b47bf1d39fd80dbb71153ea4407811a8a0
RI07,data/raw/reviewed/identity_campbelltown_address_20260909.html,venue_address,Contact:20-22 Camden Rd,89d3fb18775ff499d9fc73ea322bc6aad14922bc8d05f9d6715612f5d981042e
RI08,data/raw/reviewed/identity_mount_annan_site_20260909.html,operator_venue_map,10110865,afc5ab435f735f6d29368912d10df86aa2256313a70ea66472cbdfe969de08e3
RI08,data/raw/reviewed/identity_mount_annan_supplier_20260909.html,charging_project_supplier,Reddy Express Mt. Annan,a5dee4deed5b5b3b317e04dc96574f191010f17c6533348b3f630981d3134ef2
RI09,data/raw/reviewed/identity_cowell_council_proposal_20260910.html,council_venue_proposal,4 March 2025 update;3A Cowell St;1 charger/2 bays,63e8ced4341788926a9510762a4e12a61ab4e3ccee8114357cc0a232ffd07ffb
RI09,data/raw/reviewed/identity_cowell_council_operation_20260910.html,council_venue_operation,Background;Cowell St carpark;Evie,ae3c8b5465c6a345a85d43610ec41c59b5be17f389f7178d5e8cac7bbbc703e8
RI10,data/raw/reviewed/identity_parraween_council_installation_20260910.html,council_venue_installation,"Car park table;Parraween Street, Cremorne (Evie)",71a72609d38abf1a3f157d389a6781af8fa7e1bce0d3bfb1a585eaac1f56a787
RI10,data/raw/reviewed/identity_parraween_council_carpark_20260910.html,council_venue_operation,Directory 134;Address;Electric charging bays,b38117e318be8f056400e27b40ce117848a280414a1a852c68613674a6135120
