review_id,source_file,role,locator,sha256
RR_BRAIDWOOD_20260909,data/raw/ev_20251216.csv,source_record,CSV logical source row 181; all twelve values fixed in expected_source.raw_values,43970e7751b951ab459a1be7bfd6141756c60ff8aa797debf11c5a597109865a
RR_BRAIDWOOD_20260909,data/raw/reviewed/regional_nsw_five_localities_20260909.geojson,locality_boundary,"Complete EPSG:7844 feature suburbname=BRAIDWOOD, OBJECTID=21591; every polygon ring retained",55a99205433259f73d3ea5ea400de3e25bd324092e6212d0f8d12a5c9feaa053
RR_BRAIDWOOD_20260909,data/raw/reviewed/regional_nsw_suburb_layer_20260909.json,layer_definition,"NSW Spatial Services Suburb layer 2; esriGeometryPolygon, GDA2020 wkid 7844",497b296adac47a6816b9eaf902d478058988e6d136f7765f1992841c7e949d12
RR_BRAIDWOOD_20260909,data/raw/SA4_2026_AUST_SHP_GDA2020.zip,statistical_boundary,"Official 2026 ABS SA4 polygons, STE_CODE26=1; full geometry, not town centroid",d2df15ee57dac089457fd6ff27e342d4f6286ab0dbc587fff20cf05664657323
RR_BRAIDWOOD_20260909,data/raw/nrma_network.html,operator_publication,NRMA page publishes Google My Maps map ID 1x7Qs_rCijBa-6hDJITFvBQNDN0lBkzk,21118cbd1fc125861aa914b1e6dd4e4e57f73bfe50f7aef97a9ff495655ca2fe
RR_BRAIDWOOD_20260909,data/raw/nrma_stations.kml,operator_locality,Exact unique named placemark: NRMA Fast Charger - Braidwood,2f51cd5d52f489657eb9e151cff189251592e7519d6e2ddfff20a2463597546f
RR_BRAIDWOOD_20260909,data/raw/reviewed/regional_nsw_nrma_opening_20231110.html,government_operator_locality,"NSW Minister for Regional Transport and Roads, 10 November 2023; NRMA program and named town Braidwood",93f25cf7c3d11f93b0762ab4922824826136d01a0296a84ee21006a11f317e45
RR_BRAIDWOOD_20260909,data/raw/reviewed/regional_braidwood_fuelcheck_20260909.json,venue_address,"FuelCheck ServiceStationID 20817, Brand NRMA, FuelType EV, 15 VICTORY ST, BRAIDWOOD NSW 2622",7e3cdc99f038378565d6af0f35101d906215540617b15dd9fac2e9654537abdb
RR_BRAIDWOOD_20260909,data/raw/reviewed/regional_fuelcheck_app_20260909.html,public_api_page,Official NSW FuelCheck public EV map page and referenced app script,54aa8a8d4fa5a16f48f4cf95446a65c76669efbc1f7125d29b821ffa9418fa1a
RR_BRAIDWOOD_20260909,data/raw/reviewed/regional_fuelcheck_public_app_20260909.js,public_api_definition,Public GET /fuel/api/v1/fuel/prices/bylocation implementation; no authentication or website key used,1b5f0ed685b1955ca13673a1a08084ec97c0d0b19ea66f8edbd4942d225d6e89
RR_WALGETT_20260909,data/raw/ev_20251216.csv,source_record,CSV logical source row 380; all twelve values fixed in expected_source.raw_values,43970e7751b951ab459a1be7bfd6141756c60ff8aa797debf11c5a597109865a
RR_WALGETT_20260909,data/raw/reviewed/regional_nsw_five_localities_20260909.geojson,locality_boundary,"Complete EPSG:7844 feature suburbname=WALGETT, OBJECTID=19506; every polygon ring retained",55a99205433259f73d3ea5ea400de3e25bd324092e6212d0f8d12a5c9feaa053
RR_WALGETT_20260909,data/raw/reviewed/regional_nsw_suburb_layer_20260909.json,layer_definition,"NSW Spatial Services Suburb layer 2; esriGeometryPolygon, GDA2020 wkid 7844",497b296adac47a6816b9eaf902d478058988e6d136f7765f1992841c7e949d12
RR_WALGETT_20260909,data/raw/SA4_2026_AUST_SHP_GDA2020.zip,statistical_boundary,"Official 2026 ABS SA4 polygons, STE_CODE26=1; full geometry, not town centroid",d2df15ee57dac089457fd6ff27e342d4f6286ab0dbc587fff20cf05664657323
RR_WALGETT_20260909,data/raw/nrma_network.html,operator_publication,NRMA page publishes Google My Maps map ID 1x7Qs_rCijBa-6hDJITFvBQNDN0lBkzk,21118cbd1fc125861aa914b1e6dd4e4e57f73bfe50f7aef97a9ff495655ca2fe
RR_WALGETT_20260909,data/raw/nrma_stations.kml,operator_locality,Exact unique named placemark: NRMA Fast Charger Walgett,2f51cd5d52f489657eb9e151cff189251592e7519d6e2ddfff20a2463597546f
RR_WALGETT_20260909,data/raw/reviewed/regional_nsw_nrma_opening_20231110.html,government_operator_locality,"NSW Minister for Regional Transport and Roads, 10 November 2023; NRMA program and named town Walgett",93f25cf7c3d11f93b0762ab4922824826136d01a0296a84ee21006a11f317e45
RR_WALGETT_20260909,data/raw/reviewed/regional_walgett_community_carpark.html,venue_context,"Dharriwaa Elders Group local tour: caravan car park behind Fox Street, Neilly/Pitt/Wee Waa entries and an EV charging station",a868a432616570c931e53d0cff4539a0a38c1efb414e33288333531d5d8fc46e
RR_MOREE_20260909,data/raw/ev_20251216.csv,source_record,CSV logical source row 395; all twelve values fixed in expected_source.raw_values,43970e7751b951ab459a1be7bfd6141756c60ff8aa797debf11c5a597109865a
RR_MOREE_20260909,data/raw/reviewed/regional_nsw_five_localities_20260909.geojson,locality_boundary,"Complete EPSG:7844 feature suburbname=MOREE, OBJECTID=29008; every polygon ring retained",55a99205433259f73d3ea5ea400de3e25bd324092e6212d0f8d12a5c9feaa053
RR_MOREE_20260909,data/raw/reviewed/regional_nsw_suburb_layer_20260909.json,layer_definition,"NSW Spatial Services Suburb layer 2; esriGeometryPolygon, GDA2020 wkid 7844",497b296adac47a6816b9eaf902d478058988e6d136f7765f1992841c7e949d12
RR_MOREE_20260909,data/raw/SA4_2026_AUST_SHP_GDA2020.zip,statistical_boundary,"Official 2026 ABS SA4 polygons, STE_CODE26=1; full geometry, not town centroid",d2df15ee57dac089457fd6ff27e342d4f6286ab0dbc587fff20cf05664657323
RR_MOREE_20260909,data/raw/nrma_network.html,operator_publication,NRMA page publishes Google My Maps map ID 1x7Qs_rCijBa-6hDJITFvBQNDN0lBkzk,21118cbd1fc125861aa914b1e6dd4e4e57f73bfe50f7aef97a9ff495655ca2fe
RR_MOREE_20260909,data/raw/nrma_stations.kml,operator_locality,Exact unique named placemark: NRMA Fast Charger - Moree,2f51cd5d52f489657eb9e151cff189251592e7519d6e2ddfff20a2463597546f
RR_MOREE_20260909,data/raw/reviewed/regional_nsw_nrma_opening_20231110.html,government_operator_locality,"NSW Minister for Regional Transport and Roads, 10 November 2023; NRMA program and named town Moree",93f25cf7c3d11f93b0762ab4922824826136d01a0296a84ee21006a11f317e45
RR_MOREE_20260909,data/raw/reviewed/regional_moree_visitor_guide.pdf,venue_address,"Actual PDF page 9 / printed page 7, ONCE YOU GET HERE: public EV charging at Council carpark on Auburn Street; not explicit number 28",0a3013cd9a8868e5805602fe8eb6ba00224da2fc8751fcfca430df09628f9e9c
RR_DORRIGO_20260909,data/raw/ev_20251216.csv,source_record,CSV logical source row 730; all twelve values fixed in expected_source.raw_values,43970e7751b951ab459a1be7bfd6141756c60ff8aa797debf11c5a597109865a
RR_DORRIGO_20260909,data/raw/reviewed/regional_nsw_five_localities_20260909.geojson,locality_boundary,"Complete EPSG:7844 feature suburbname=DORRIGO, OBJECTID=26253; every polygon ring retained",55a99205433259f73d3ea5ea400de3e25bd324092e6212d0f8d12a5c9feaa053
RR_DORRIGO_20260909,data/raw/reviewed/regional_nsw_suburb_layer_20260909.json,layer_definition,"NSW Spatial Services Suburb layer 2; esriGeometryPolygon, GDA2020 wkid 7844",497b296adac47a6816b9eaf902d478058988e6d136f7765f1992841c7e949d12
RR_DORRIGO_20260909,data/raw/SA4_2026_AUST_SHP_GDA2020.zip,statistical_boundary,"Official 2026 ABS SA4 polygons, STE_CODE26=1; full geometry, not town centroid",d2df15ee57dac089457fd6ff27e342d4f6286ab0dbc587fff20cf05664657323
RR_DORRIGO_20260909,data/raw/nrma_network.html,operator_publication,NRMA page publishes Google My Maps map ID 1x7Qs_rCijBa-6hDJITFvBQNDN0lBkzk,21118cbd1fc125861aa914b1e6dd4e4e57f73bfe50f7aef97a9ff495655ca2fe
RR_DORRIGO_20260909,data/raw/nrma_stations.kml,operator_locality,Exact unique named placemark: NRMA Fast Charger - Dorrigo,2f51cd5d52f489657eb9e151cff189251592e7519d6e2ddfff20a2463597546f
RR_DORRIGO_20260909,data/raw/reviewed/regional_nsw_nrma_opening_20231110.html,government_operator_locality,"NSW Minister for Regional Transport and Roads, 10 November 2023; NRMA program and named town Dorrigo",93f25cf7c3d11f93b0762ab4922824826136d01a0296a84ee21006a11f317e45
RR_DORRIGO_20260909,data/raw/reviewed/regional_dorrigo_pamp_2016.pdf,venue_address,"Actual PDF page 19 / printed page 14, action 3.12: Coronation Park, 81 Hickory Street, Dorrigo",1deb8f57f23e67af1c59ada3a43f82f90dd18148037b81f0576fcef50b9f799f
RR_DORRIGO_20260909,data/raw/reviewed/regional_dorrigo_council_q1_2023.pdf,operator_venue,"Actual PDF page 38, PP3.3.1: installed NRMA charging points at Coronation Park in Dorrigo",d5ed8906fdca9a67a5056d6d417bffe3b0473afe15ba997a09ada45ad3a90912
RR_INVERELL_20260909,data/raw/ev_20251216.csv,source_record,CSV logical source row 823; all twelve values fixed in expected_source.raw_values,43970e7751b951ab459a1be7bfd6141756c60ff8aa797debf11c5a597109865a
RR_INVERELL_20260909,data/raw/reviewed/regional_nsw_five_localities_20260909.geojson,locality_boundary,"Complete EPSG:7844 feature suburbname=INVERELL, OBJECTID=27888; every polygon ring retained",55a99205433259f73d3ea5ea400de3e25bd324092e6212d0f8d12a5c9feaa053
RR_INVERELL_20260909,data/raw/reviewed/regional_nsw_suburb_layer_20260909.json,layer_definition,"NSW Spatial Services Suburb layer 2; esriGeometryPolygon, GDA2020 wkid 7844",497b296adac47a6816b9eaf902d478058988e6d136f7765f1992841c7e949d12
RR_INVERELL_20260909,data/raw/SA4_2026_AUST_SHP_GDA2020.zip,statistical_boundary,"Official 2026 ABS SA4 polygons, STE_CODE26=1; full geometry, not town centroid",d2df15ee57dac089457fd6ff27e342d4f6286ab0dbc587fff20cf05664657323
RR_INVERELL_20260909,data/raw/nrma_network.html,operator_publication,NRMA page publishes Google My Maps map ID 1x7Qs_rCijBa-6hDJITFvBQNDN0lBkzk,21118cbd1fc125861aa914b1e6dd4e4e57f73bfe50f7aef97a9ff495655ca2fe
RR_INVERELL_20260909,data/raw/nrma_stations.kml,operator_locality,Exact unique named placemark: NRMA Fast Charger Inverell,2f51cd5d52f489657eb9e151cff189251592e7519d6e2ddfff20a2463597546f
RR_INVERELL_20260909,data/raw/reviewed/regional_nsw_nrma_opening_20231110.html,government_operator_locality,"NSW Minister for Regional Transport and Roads, 10 November 2023; NRMA program and named town Inverell",93f25cf7c3d11f93b0762ab4922824826136d01a0296a84ee21006a11f317e45
RR_INVERELL_20260909,data/raw/reviewed/regional_inverell_victoria_park.html,venue_address,"Inverell Council Victoria Park venue page: Inverell NSW 2360; 81 Vivian Street is the Council venue address, not a verified charger address or a replacement for source 51 Evans Street",4bcb710ebcb41fa4882af146a51df5e4a6138694c2c51eeef0a0710e80403aa1
RR_GILGANDRA_20260909,data/raw/ev_20251216.csv,source_record,CSV logical row 650; all twelve original fields pinned,43970e7751b951ab459a1be7bfd6141756c60ff8aa797debf11c5a597109865a
RR_GILGANDRA_20260909,data/raw/reviewed/regional_nsw_gilgandra_narellan_20260909.geojson,locality_boundary,"Complete EPSG:7844 feature suburbname=GILGANDRA, OBJECTID=28743; all rings preserved",39e66f9044af01dcaa9266a6f5a8048a5bb55e47565eaff38785d9c1367b9a64
RR_GILGANDRA_20260909,data/raw/reviewed/regional_nsw_suburb_layer_20260909.json,layer_definition,"NSW Spatial Services Suburb layer 2, esriGeometryPolygon, GDA2020 wkid 7844",497b296adac47a6816b9eaf902d478058988e6d136f7765f1992841c7e949d12
RR_GILGANDRA_20260909,data/raw/SA4_2026_AUST_SHP_GDA2020.zip,statistical_boundary,"Complete official ABS 2026 NSW SA4 polygons; whole-locality unique covers/intersects, no tolerance",d2df15ee57dac089457fd6ff27e342d4f6286ab0dbc587fff20cf05664657323
RR_GILGANDRA_20260909,data/raw/nrma_network.html,operator_publication,NRMA publishes Google My Maps ID 1x7Qs_rCijBa-6hDJITFvBQNDN0lBkzk,21118cbd1fc125861aa914b1e6dd4e4e57f73bfe50f7aef97a9ff495655ca2fe
RR_GILGANDRA_20260909,data/raw/nrma_stations.kml,operator_locality,Exact unique placemark NRMA Fast Charger - Gilgandra; locality corroboration only,2f51cd5d52f489657eb9e151cff189251592e7519d6e2ddfff20a2463597546f
RR_GILGANDRA_20260909,data/raw/reviewed/regional_nsw_nrma_opening_20231110.html,government_operator_locality,"NSW NRMA program release dated 10 November 2023, named Gilgandra",93f25cf7c3d11f93b0762ab4922824826136d01a0296a84ee21006a11f317e45
RR_GILGANDRA_20260909,data/raw/reviewed/regional_gilgandra_nsw_museum_20260909.html,venue_address,"NSW Government attraction listing, Where and map sections: 6 Castlereagh Street, Gilgandra NSW 2827",368f8822194e90318509b2e89343e420c60ca8564ba9cde1fab1c1cb4649467e
RR_NARELLAN_20260909,data/raw/ev_20251216.csv,source_record,CSV logical row 820; all twelve original fields pinned,43970e7751b951ab459a1be7bfd6141756c60ff8aa797debf11c5a597109865a
RR_NARELLAN_20260909,data/raw/reviewed/regional_nsw_gilgandra_narellan_20260909.geojson,locality_boundary,"Complete EPSG:7844 feature suburbname=NARELLAN, OBJECTID=26470; all rings preserved",39e66f9044af01dcaa9266a6f5a8048a5bb55e47565eaff38785d9c1367b9a64
RR_NARELLAN_20260909,data/raw/reviewed/regional_nsw_suburb_layer_20260909.json,layer_definition,"NSW Spatial Services Suburb layer 2, esriGeometryPolygon, GDA2020 wkid 7844",497b296adac47a6816b9eaf902d478058988e6d136f7765f1992841c7e949d12
RR_NARELLAN_20260909,data/raw/SA4_2026_AUST_SHP_GDA2020.zip,statistical_boundary,"Complete official ABS 2026 NSW SA4 polygons; whole-locality unique covers/intersects, no tolerance",d2df15ee57dac089457fd6ff27e342d4f6286ab0dbc587fff20cf05664657323
RR_NARELLAN_20260909,data/raw/reviewed/matching_evie_find_a_charger.html,operator_publication,Published Evie map: wpslSettings.ajaxurl and the exact linked wp-store-locator script,54f4033ea24ad8ac1e5f653b42bf843028d031083fc97a16820558f57415a85a
RR_NARELLAN_20260909,data/raw/reviewed/matching_evie_locator_script.js,public_api_definition,"Public GET wpslSettings.ajaxurl with action store_search; no login, key or cookie used",ffc09489dc1b6bce9ccca772e6516ac1d2c01d428846aa17db43d228671a5270
RR_NARELLAN_20260909,data/raw/reviewed/regional_evie_narellan_search_20260909.json,operator_locality,"Complete site-search array, unique id 3525; Narellan Town Centre, Camden Valley Way & Somerset Avenue, Narellan NSW 2567; pinned point inside full locality",dcbdc787cc815cafbcf1bc012de722ce226d7b7c2b0c536d51925d8b57a05f82
RR_NARELLAN_20260909,data/raw/reviewed/regional_narellan_centre_services_20260909.html,venue_context,"Electronic Vehicle Charging section: Evie on South Side carpark, Queen Street entry; footer identifies Narellan NSW 2567",a1051dc7e628113e31d6e5f5c3c36c25aa74d0bdc6c671f83da495f679deaeed
RR_NARELLAN_20260909,data/raw/reviewed/regional_narellan_centre_getting_here_20260909.html,venue_address,"Getting here: Somerset Avenue and Queen Street entries; footer 326 Camden Valley Way, Narellan NSW 2567",cae959d6f4d7bd9fb35dbdece0fa87cef3e7d3970c6100c50a8906b688a09487
RR_NEW_ITALY_20260910,data/raw/ev_20251216.csv,source_record,source_row=1711; complete original 12-column record,43970e7751b951ab459a1be7bfd6141756c60ff8aa797debf11c5a597109865a
RR_NEW_ITALY_20260910,data/raw/SA4_2026_AUST_SHP_GDA2020.zip,statistical_boundary,Complete NSW 2026 SA4 polygons; full locality covered only by SA4 112,d2df15ee57dac089457fd6ff27e342d4f6286ab0dbc587fff20cf05664657323
RR_NEW_ITALY_20260910,data/raw/reviewed/regional_nsw_suburb_layer_20260909.json,layer_definition,Suburb layer 2; polygon geometry; EPSG:7844,497b296adac47a6816b9eaf902d478058988e6d136f7765f1992841c7e949d12
RR_NEW_ITALY_20260910,data/raw/reviewed/regional_new_italy_locality_20260910.geojson,locality_boundary,"Unique suburbname NEW ITALY, OBJECTID 27006, postcode 2472; complete GDA2020 geometry",b556dd6543a6779e3fe3f33eca159d4b414ee74f0c5dcfb0e4b8e1ef9e2678c6
RR_NEW_ITALY_20260910,data/raw/reviewed/regional_new_italy_museum_20260910.html,venue_charging_statement,Visible EV charging statement and location section: Tesla Supercharger at Historic New Italy; 8275 Pacific Highway; Woodburn postal town,798ff078e59ec2d7a4c358c725854d2dd4b7dd857412db128a9b95723f6e4aa9
RR_NEW_ITALY_20260910,data/raw/reviewed/regional_new_italy_council_20260910.html,venue_address,"Unique table row DA2021/0125: New Italy Museum, 8275 Pacific Highway, New Italy",9238c9e3547cec952e4d93386020ae8542e19296171179f970689187be9aab4a
