record_id,source_row,decision,reason,source_address,old_latitude,old_longitude,old_postcode,new_latitude,new_longitude,new_postcode,ocm_id,osm_id,address_similarity,cross_source_distance_m,coordinate_change_m,ocm_source_file
r_7d6623093b496c753aff,4,resolved,coordinates_verified_ocm_osm,"1 - 7 Ross St, Wilcannia NSW 2836, Australia",-30.5118739,151.669395,2350,-31.55748024734784,143.38590809166777,2836,190678.0,node/9470340169,1.0,12.240096132869018,799069.4827646959,data/raw/ocm/OCM-190678.json
r_51d2e19ccbccd5f00a70,29,resolved,coordinates_verified_ocm_osm,"1 Little Walker St, Casino, NSW 2470, Australia",-35.442745,149.7913305,2622,-28.865746474795223,153.04878848507587,2470,260392.0,node/10011175454,0.9411764705882353,43.88357052125374,791269.0879114902,data/raw/ocm/OCM-260392.json
r_8c4ebd56a9eefd59533d,78,unresolved,Expected one address/locality candidate corroborated by OSM; found 0,"10W Apsley St, Walcha NSW 2354, Australia",-29.960127,146.8578887,2839,,,,,,,,,
r_3d840b8578a5d3764b15,96,resolved,coordinates_verified_ocm_osm,"116 Liverpool St, Scone, NSW 2337, Australia",-31.9598511,141.4601038,2880,-32.050443549876185,150.86657130895486,2337,266500.0,node/7959130026,1.0,6.7690204671648075,888572.6943236467,data/raw/ocm/OCM-266500.json
r_f52c4475d66d2f9baa40,181,unresolved,Expected one address/locality candidate corroborated by OSM; found 0,"15 Victory St, Braidwood, NSW 2622, Australia",-31.4988197,145.8375768,2835,,,,,,,,,
r_adaa6f8f055ae8bae26b,195,unresolved,Expected one address/locality candidate corroborated by OSM; found 0,"157 Rouse Street, Tenterfield, NSW 2372, Australia",-31.5645996,147.1969355,2825,,,,,,,,,
r_58119a1bdc3beecd76d7,197,resolved,coordinates_verified_ocm_osm,"15c Mitchell St, Bourke, NSW 2840, Australia",-30.3383734,152.7125414,2453,-30.088249,145.93511,2840,190681.0,node/9771012966,0.9655172413793104,28.65671682957911,653017.5503961672,data/raw/ocm/OCM-190681.json
r_84de52950c87598dd45f,217,unresolved,Expected one address/locality candidate corroborated by OSM; found 0,"17 Stewart St, Wollongong NSW 2500, Australia",-29.7756503,151.1151033,2453,,,,,,,,,
r_1e59f65ff126f6e02daf,226,unresolved,Expected one address/locality candidate corroborated by OSM; found 0,"18 Dandaloo St, Nyngan, NSW 2825, Australia",-32.0506213,150.8667598,2360,,,,,,,,,
r_a9b0f414081b11190ea1,333,resolved,postcode_verified_ocm_osm,"221 Wolseley St, Jamisontown NSW 2750",-33.770295,150.673823,2614,-33.770295,150.673823,2750,272693.0,node/9712774534,1.0,14.350283797280973,0.0,data/raw/ocm/OCM-272693.json
r_1f8b175f54b73f63a5fb,380,unresolved,Expected one address/locality candidate corroborated by OSM; found 0,"26 Neilly St, Walgett, NSW 2832, Australia",-28.8659158,153.0485564,2337,,,,,,,,,
r_78d9a81044a26cf7b6de,395,unresolved,Expected one address/locality candidate corroborated by OSM; found 0,"28 Auburn Street, Moree, NSW 2400, Australia",-35.3548636,145.725081,2716,,,,,,,,,
r_f321d7cb9ca9578d1718,417,resolved,coordinates_verified_ocm_osm,"3 Broomfield St, Cobar, NSW 2835, Australia",-30.08825,145.9351051,2840,-31.49883300000129,145.83757000000242,2835,190679.0,node/9712759905,1.0,6.3810149330780925,156663.96235386064,data/raw/ocm/OCM-190679.json
r_d051423772b3098f7752,593,resolved,coordinates_verified_ocm_osm,"50 Bathurst St, Brewarrina, NSW 2839, Australia",-30.3247856,149.784033,2390,-29.960445999997674,146.85742999998627,2839,190682.0,node/9771012967,1.0,50.28096708277914,284841.6981485405,data/raw/ocm/OCM-190682.json
r_060007bd0d9465e46dde,650,unresolved,Expected one address/locality candidate corroborated by OSM; found 0,"6 Castlereagh St Gilgandra, NSW 2827, Australia",-30.0205758,148.1181013,2832,,,,,,,,,
r_873bc05df3ccbde0e683,727,unresolved,Expected one address/locality candidate corroborated by OSM; found 0; withheld candidate evidence: OCM 190500: house_number_conflict,"8/24 Cross St, Wagga Wagga, NSW 2650",-31.7223908,148.6571378,2827,,,,,,,,,
r_ec4d5b86478c54a3f5d0,730,unresolved,Expected one address/locality candidate corroborated by OSM; found 0,"81 Hickory St, Dorrigo, NSW 2453, Australia",-30.9529988,148.3875852,2829,,,,,,,,,
r_e09ee18e04d7d81f2aa7,731,resolved,coordinates_verified_ocm_osm,"81 Meehan St, Yass NSW 2582, Australia",-34.428348,150.9001506,2500,-34.84109672768463,148.9124467852405,2582,190005.0,node/7816558586,1.0,14.938383274427371,187916.29893759414,data/raw/ocm/OCM-190005.json
r_3dee9f9190f28ef956e9,736,resolved,coordinates_verified_ocm_osm,"82 Marsh St, Armidale, NSW 2350, Australia",-34.4476103,147.5348555,2666,-30.511645241125954,151.66954542599308,2350,170824.0,node/8133502030,1.0,34.966415717369344,584307.5051168861,data/raw/ocm/OCM-170824.json
r_0983acf0fda42653dc7c,756,unresolved,Expected one address/locality candidate corroborated by OSM; found 0,"89 Barwan St, Narrabri, NSW 2390, Australia,",-29.0572067,152.0186837,2372,,,,,,,,,
r_84b606d329163a77e96c,820,unresolved,Expected one address/locality candidate corroborated by OSM; found 0,"Camden Valley Way &, Somerset Ave, Narellan NSW 2567",-34.0397301,150.7385139,2022,,,,,,,,,
r_24333f7d2b86c04fbe70,823,unresolved,Expected one address/locality candidate corroborated by OSM; found 0; withheld candidate evidence: OCM 266480: house_number_conflict,"Car park, 51 Evans St (Victoria Park), Inverell, NSW 2360, Australia",-35.1086448,147.3732036,2650,,,,,,,,,
r_6113be01eb1ae30db904,824,resolved,coordinates_verified_ocm_osm,"Car park, Little Hoskins St, Temora, NSW 2666",-30.9827002,151.5928644,2354,-34.44602848720433,147.534391219815,2666,190668.0,node/10772401236,1.0,31.26668024686667,540535.3207263733,data/raw/ocm/OCM-190668.json
r_250187e8f01a85272764,888,resolved,coordinates_verified_ocm_osm,"Kintore Headframe Car Park, 51 Bromide St, Broken Hill, NSW 2880, Australia",-31.557857,143.3855021,2836,-31.959754641960238,141.45961530379066,2880,190677.0,node/9344898113,1.0,13.133337099851941,187818.03521822763,data/raw/ocm/OCM-190677.json
r_4a1ff1bb4413b75bd478,956,unresolved,Expected one address/locality candidate corroborated by OSM; found 0,"Skillman's Lane, Coonamble, NSW 2829, Australia",-34.8411047,148.912197,2582,,,,,,,,,
